# https://github.com/mikedh/trimesh
v -0.01098965 -0.07709958 0.04820998
v -0.00856446 -0.07709958 0.04820998
v -0.01098965 -0.07709958 0.04823008
v -0.02065561 -0.07642023 0.04820998
v -0.02182759 -0.07605540 0.03503685
v -0.02065561 -0.07594217 0.02642906
v -0.01942561 -0.07605540 0.02769610
v -0.01098965 -0.07703668 0.04577647
v -0.00856446 -0.07706184 0.04577647
v -0.00855285 -0.07709958 0.04823008
v 0.02481965 0.02253813 0.05786356
v -0.02065561 -0.07642023 0.04823008
v -0.02325486 -0.07616862 0.04823008
v -0.02280231 -0.07616862 0.04577647
v -0.02308080 -0.07572831 0.02884246
v -0.02308080 -0.07560250 0.02399556
v -0.02308080 -0.07553960 0.02158216
v -0.02418316 -0.07604281 0.04752619
v -0.02065561 -0.07586669 0.02399556
v -0.01782428 -0.07610572 0.02683130
v -0.01098965 -0.07684797 0.03851616
v -0.00615087 -0.07673474 0.04577647
v -0.00612766 -0.07679765 0.04823008
v -0.00856446 -0.07691087 0.04094967
v 0.04076327 0.02253813 0.05786356
v 0.02481965 0.03916957 0.05786356
v -0.07778108 -0.01432279 0.04823008
v -0.07776947 -0.01672567 0.04823008
v -0.07764183 -0.01892726 0.04823008
v -0.07753740 -0.02013499 0.04823008
v -0.07728212 -0.02158175 0.04823008
v -0.07681796 -0.02398463 0.04823008
v -0.07633061 -0.02642525 0.04823008
v -0.07580843 -0.02882813 0.04823008
v -0.07532107 -0.03057682 0.04823008
v -0.07488013 -0.03178456 0.04823008
v -0.07418390 -0.03367163 0.04823008
v -0.07312795 -0.03632612 0.04823008
v -0.07228088 -0.03826352 0.04823008
v -0.07153824 -0.03992415 0.04823008
v -0.07040106 -0.04240251 0.04823008
v -0.06978607 -0.04359766 0.04823008
v -0.06795267 -0.04714537 0.04823008
v -0.06724484 -0.04836568 0.04823008
v -0.06604965 -0.05015211 0.04823008
v -0.06076992 -0.05692043 0.04823008
v -0.06074671 -0.05694559 0.04823008
v -0.05962114 -0.05814074 0.04823008
v -0.05842595 -0.05924783 0.04823008
v -0.05012924 -0.06575195 0.04823008
v -0.04893405 -0.06665775 0.04823008
v -0.04728631 -0.06758871 0.04823008
v -0.04553414 -0.06851967 0.04823008
v -0.04073017 -0.07096029 0.04823008
v -0.03951177 -0.07155157 0.04823008
v -0.03759714 -0.07223092 0.04823008
v -0.02534354 -0.07574088 0.04823008
v -0.02519269 -0.07577863 0.04823008
v -0.02332448 -0.07615604 0.04823008
v -0.02549439 -0.07498605 0.02158216
v -0.02308080 -0.07546411 0.01916876
v -0.02065561 -0.07577863 0.02158216
v -0.01582843 -0.07626926 0.02884246
v -0.01098965 -0.07674732 0.03610276
v -0.00856446 -0.07682281 0.03851616
v -0.00352841 -0.07628185 0.04820998
v -0.00633653 -0.07626926 0.03125586
v -0.00352841 -0.07628185 0.04823008
v 0.03521665 0.02253813 -0.07237945
v 0.03521665 0.02879064 -0.06960404
v 0.03879062 0.02584680 0.05786356
v 0.00354990 -0.07473445 0.04823008
v 0.00596349 -0.07416832 0.04823008
v 0.00744878 -0.07374059 0.04823008
v 0.00865557 -0.07323736 0.04823008
v 0.01080228 -0.07225608 0.04823008
v 0.01249643 -0.07145093 0.04823008
v 0.01371483 -0.07083448 0.04823008
v 0.01565266 -0.06984062 0.04823008
v 0.01847238 -0.06838128 0.04823008
v 0.02201154 -0.06653195 0.04823008
v 0.02324154 -0.06582744 0.04823008
v 0.02481965 -0.06473293 0.04823008
v 0.02481965 -0.06473293 0.04800886
v 0.02481965 -0.06461971 0.04571612
v 0.02481965 -0.06327360 0.01916876
v 0.02481965 -0.06156264 -0.01232607
v 0.02481965 -0.06136135 -0.01560427
v 0.02481965 -0.05854332 -0.06063425
v 0.02481965 -0.05837977 -0.06312809
v 0.02481965 -0.05533529 -0.10671002
v 0.02481965 -0.05515916 -0.10914353
v 0.02481965 -0.05503335 -0.11073235
v 0.02481965 -0.05455529 -0.11642395
v 0.02481965 -0.05412755 -0.12125074
v 0.02481965 -0.05300789 -0.13378030
v 0.02481965 -0.05281918 -0.13577135
v 0.02481965 -0.05276886 -0.13597247
v 0.02481965 -0.05258015 -0.13665626
v 0.02481965 -0.05215241 -0.13820486
v 0.02047984 0.04150955 0.04823008
v 0.01885531 0.04235244 0.04823008
v 0.01762530 0.04294373 0.04823008
v 0.01564105 0.04388727 0.04823008
v 0.01080228 0.04616434 0.04823008
v 0.00886444 0.04707013 0.04823008
v 0.00764604 0.04762368 0.04823008
v 0.00594029 0.04815206 0.04823008
v 0.00352670 0.04878109 0.04823008
v 0.00110150 0.04932205 0.04823008
v -0.00097558 0.04968689 0.04823008
v -0.00856446 0.05090720 0.04823008
v -0.01098965 0.05124687 0.04823008
v -0.01340324 0.05142300 0.04823008
v -0.01585164 0.05142300 0.04823008
v -0.01826523 0.05120913 0.04823008
v -0.02067881 0.05078139 0.04823008
v -0.02310401 0.05032849 0.04823008
v -0.02623703 0.04973721 0.04823008
v -0.03034477 0.04895722 0.04823008
v -0.03276997 0.04845400 0.04823008
v -0.03519516 0.04787529 0.04823008
v -0.03658762 0.04748529 0.04823008
v -0.03779441 0.04698207 0.04823008
v -0.04003394 0.04595047 0.04823008
v -0.04160045 0.04517048 0.04823008
v -0.04281885 0.04455403 0.04823008
v -0.04487272 0.04345953 0.04823008
v -0.04629999 0.04269211 0.04823008
v -0.04965348 0.04080504 0.04823008
v -0.05087188 0.04010053 0.04823008
v -0.05470114 0.03681701 0.04823008
v -0.05872765 0.03334479 0.04823008
v -0.05992284 0.03221255 0.04823008
v -0.06103680 0.03099224 0.04823008
v -0.06224360 0.02940709 0.04823008
v -0.06739568 0.02255070 0.04823008
v -0.06828917 0.02134298 0.04823008
v -0.06937994 0.01958170 0.04823008
v -0.07018059 0.01810978 0.04823008
v -0.07077238 0.01690205 0.04823008
v -0.07179352 0.01472562 0.04823008
v -0.07251296 0.01298951 0.04823008
v -0.07459003 0.00745408 0.04823008
v -0.07508900 0.00607022 0.04823008
v -0.07597089 0.00263574 0.04823008
v -0.07656268 0.00020770 0.04823008
v -0.07707324 -0.00220776 0.04823008
v -0.07746777 -0.00479934 0.04823008
v -0.07757221 -0.00578062 0.04823008
v -0.07763023 -0.00697577 0.04823008
v 0.02954240 0.03572251 0.05786356
v 0.03031985 0.03550864 -0.04492705
v -0.07769985 -0.01673825 0.04577647
v -0.07674834 -0.01432279 0.01916876
v -0.07756061 -0.01804663 0.04183459
v -0.07759542 -0.01832340 0.04336307
v -0.07763023 -0.01871340 0.04577647
v -0.07764183 -0.01892726 0.04820998
v -0.07753740 -0.02013499 0.04820998
v -0.07728212 -0.02158175 0.04820998
v -0.07722410 -0.02158175 0.04577647
v -0.07633061 -0.02642525 0.04820998
v -0.07575042 -0.02884071 0.04577647
v -0.07528626 -0.03051392 0.04336307
v -0.07530947 -0.03056424 0.04577647
v -0.07532107 -0.03057682 0.04820998
v -0.07488013 -0.03178456 0.04577647
v -0.07417230 -0.03368421 0.04577647
v -0.07414909 -0.03368421 0.04336307
v -0.07322079 -0.03602419 0.04577647
v -0.07269862 -0.03728224 0.04746584
v -0.07180513 -0.03852771 0.03610276
v -0.07037786 -0.04231445 0.04577647
v -0.06978607 -0.04359766 0.04820998
v -0.06795267 -0.04715795 0.04820998
v -0.06791785 -0.04706988 0.04577647
v -0.06788305 -0.04701956 0.04432842
v -0.06724484 -0.04798826 0.04346363
v -0.06549266 -0.04947276 0.02884246
v -0.06075832 -0.05693301 0.04820998
v -0.06059586 -0.05183790 -0.02306569
v -0.05783416 -0.05388852 -0.04136729
v -0.05962114 -0.05814074 0.04820998
v -0.05012924 -0.06575195 0.04820998
v -0.05076745 -0.05656818 -0.10671002
v -0.04422291 -0.06916128 0.03851616
v -0.04558055 -0.06851967 0.04336307
v -0.04728631 -0.06758871 0.04820998
v -0.04609112 -0.06395294 -0.04030137
v -0.04414168 -0.06668291 -0.01232607
v -0.04337583 -0.06863289 0.01673525
v -0.04357310 -0.06874612 0.02158216
v -0.04437376 -0.06914869 0.04336307
v -0.04244753 -0.07015514 0.04094967
v -0.03952337 -0.07155157 0.04820998
v -0.03759714 -0.07223092 0.04820998
v -0.02549439 -0.07491057 0.01916876
v -0.02549439 -0.07473445 0.01430174
v -0.02308080 -0.07526283 0.01430174
v -0.02065561 -0.07536347 0.01188834
v -0.01582843 -0.07317446 -0.04380080
v -0.00856446 -0.07672217 0.03610276
v -0.01340324 -0.07385381 -0.02928019
v -0.01098965 -0.07463380 -0.01232607
v -0.00685870 -0.07614346 0.02642906
v -0.00655700 -0.07620636 0.02884246
v -0.00372567 -0.07522508 0.01673525
v -0.00372567 -0.07513702 0.01430174
v 0.02481965 -0.05104533 -0.14009536
v 0.02481965 -0.05064275 -0.14059814
v 0.02481965 -0.05011437 -0.14116127
v 0.02481965 -0.04890664 -0.14228753
v 0.02481965 -0.04759827 -0.14319255
v 0.02481965 -0.04646602 -0.14391657
v 0.02481965 -0.04484313 -0.14456013
v 0.02481965 -0.04094317 -0.14558583
v 0.02481965 -0.03854029 -0.14608863
v 0.02481965 -0.03638902 -0.14649085
v 0.02481965 -0.03563419 -0.14663164
v 0.02481965 -0.03459001 -0.14679252
v 0.02481965 -0.03350809 -0.14687297
v 0.02481965 -0.03129391 -0.14697353
v 0.02481965 0.00770569 -0.14695343
v 0.02481965 0.00846052 -0.14691320
v 0.02481965 0.00913987 -0.14687297
v 0.02481965 0.00946697 -0.14677242
v 0.02481965 0.01072502 -0.14630985
v 0.02481965 0.01590819 -0.14423836
v 0.03031985 0.03544573 -0.04625442
v 0.03796675 0.02705453 0.05786356
v 0.02481965 0.01726689 -0.14361490
v 0.02481965 0.02024847 -0.14220708
v 0.02481965 0.02083976 -0.14184506
v 0.02481965 0.02219845 -0.14087971
v 0.02481965 0.02307909 -0.14013557
v 0.02481965 0.02350682 -0.13967301
v 0.02481965 0.02380876 -0.13904955
v 0.02481965 0.02419875 -0.13820486
v 0.02481965 0.02473972 -0.13583169
v 0.02132691 0.02772130 -0.13577135
v 0.01772974 0.03119352 -0.13335795
v 0.01646493 0.03258996 -0.13094455
v 0.00354990 -0.07464638 0.04577647
v 0.00596349 -0.07416832 0.04820998
v 0.00744878 -0.07374059 0.04820998
v 0.00866718 -0.07323736 0.04820998
v 0.01080228 -0.07225608 0.04820998
v 0.01249643 -0.07145093 0.04820998
v 0.01370322 -0.07084706 0.04820998
v 0.01731200 -0.06902289 0.04577647
v 0.02049144 -0.06737484 0.04577647
v 0.02049144 -0.06741258 0.04336307
v 0.02203475 -0.06655711 0.04577647
v 0.02203475 -0.06658227 0.04336307
v 0.02201154 -0.06659485 0.04094967
v 0.02195352 -0.06655711 0.03851616
v 0.02411183 -0.06394036 0.02051624
v 0.02441352 -0.06175135 -0.01473947
v 0.02411183 -0.05909686 -0.06176050
v 0.02416984 -0.05914718 -0.06015157
v 0.02405381 -0.05905912 -0.06312809
v 0.02371730 -0.05630398 -0.10914353
v 0.02461079 -0.05478174 -0.11642395
v 0.02390296 -0.05402691 -0.13335795
v 0.02379852 -0.05391369 -0.13577135
v 0.02347362 -0.05357401 -0.13820486
v 0.02427428 -0.05200145 -0.13961267
v 0.01885531 0.04235244 0.04820998
v 0.01080228 0.04616434 0.04820998
v 0.00886444 0.04707013 0.04820998
v 0.00750680 0.04754819 0.04577647
v 0.00734434 0.04747271 0.04336307
v 0.00706585 0.04738465 0.04018543
v 0.00144962 0.04717078 0.00704144
v 0.00024282 0.04749787 0.00704144
v -0.00249567 0.04982527 0.03968264
v -0.00106840 0.04967431 0.04577647
v -0.00097558 0.04968689 0.04820998
v -0.00856446 0.05090720 0.04820998
v -0.01098965 0.05124687 0.04820998
v -0.01340324 0.05142300 0.04820998
v -0.01582843 0.05142300 0.04820998
v -0.01825362 0.05066817 0.03368936
v -0.01825362 0.05076881 0.03610276
v -0.01825362 0.05085687 0.03851616
v -0.02065561 0.05068075 0.04336307
v -0.02065561 0.05036623 0.03125586
v -0.02065561 0.05045429 0.03368936
v -0.02065561 0.05051720 0.03610276
v -0.02594694 0.04968689 0.04336307
v -0.02434561 0.04983785 0.03688712
v -0.02424118 0.04981269 0.03525807
v -0.03034477 0.04888173 0.04577647
v -0.02410193 0.04978753 0.03368936
v -0.03034477 0.04869302 0.04094967
v -0.03275836 0.04835335 0.04577647
v -0.03275836 0.04813948 0.04094967
v -0.03402318 0.04742239 0.03212066
v -0.03658762 0.04748529 0.04820998
v -0.04107828 0.04491887 0.03851616
v -0.03917526 0.04276760 -0.01473947
v -0.04160045 0.04517048 0.04820998
v -0.04126394 0.04500693 0.04183459
v -0.04617235 0.04261663 0.04336307
v -0.04625357 0.04266696 0.04577647
v -0.04629999 0.04269211 0.04820998
v -0.04746037 0.04200019 0.04577647
v -0.05213669 0.03901860 0.04820998
v -0.04737914 0.04197503 0.04336307
v -0.04934018 0.04072956 0.04094967
v -0.04924735 0.04066665 0.03851616
v -0.04915452 0.04059117 0.03610276
v -0.05036132 0.03971053 0.03610276
v -0.05397009 0.03579799 0.01916876
v -0.05403972 0.03588606 0.02158216
v -0.05412094 0.03596154 0.02399556
v -0.05525812 0.03486703 0.02158216
v -0.05872765 0.03334479 0.04820998
v -0.05540896 0.03500542 0.02642906
v -0.05985322 0.03214964 0.04577647
v -0.06101360 0.03094191 0.04577647
v -0.06103680 0.03099224 0.04820998
v -0.06311389 0.02814903 0.04094967
v -0.06313709 0.02818678 0.04577647
v -0.06738407 0.02253813 0.04577647
v -0.06418143 0.02682808 0.04820998
v -0.06828917 0.02134298 0.04820998
v -0.06825436 0.02133039 0.04577647
v -0.06821955 0.02129265 0.04336307
v -0.06816154 0.02124233 0.04094967
v -0.06928710 0.01956912 0.04577647
v -0.07119013 0.01472562 0.03610276
v -0.07077238 0.01690205 0.04820998
v -0.06918267 0.01956912 0.04336307
v -0.06833559 0.01433563 -0.01958638
v -0.07045908 0.01140437 -0.00747917
v -0.07179352 0.01472562 0.04820998
v -0.07247814 0.01286371 0.04577647
v -0.07508900 0.00607022 0.04820998
v -0.07284946 0.01142953 0.04094967
v -0.07312795 0.00975632 0.03125586
v -0.07282625 0.00890084 0.01430174
v -0.07648145 0.00019512 0.04577647
v -0.07529786 0.00445992 0.04336307
v -0.07534428 0.00222059 0.03125586
v -0.07687598 -0.00222034 0.04094967
v -0.07695721 -0.00222034 0.04336307
v -0.07702683 -0.00222034 0.04577647
v -0.07738654 -0.00464838 0.04577647
v -0.07731692 -0.00464838 0.04336307
v -0.07723570 -0.00464838 0.04094967
v -0.07754900 -0.00610772 0.04710384
v -0.07685277 -0.01190734 0.02399556
v 0.03076080 0.03479155 0.05786356
v 0.03211844 0.03359640 0.05786356
v 0.03331363 0.03236351 0.05786356
v 0.03566920 0.02983482 0.05786356
v 0.03674835 0.02862709 0.05786356
v -0.07756061 -0.01746792 0.04183459
v -0.07664391 -0.01432279 0.01673525
v -0.07685277 -0.01673825 0.02399556
v -0.07664391 -0.01673825 0.01916876
v -0.07723570 -0.01915371 0.03610276
v -0.07744457 -0.01897759 0.04098989
v -0.07751419 -0.01992113 0.04577647
v -0.07624938 -0.02642525 0.04577647
v -0.07705004 -0.02158175 0.04094967
v -0.07622617 -0.02399721 0.03125586
v -0.07640022 -0.02399721 0.03610276
v -0.07583164 -0.02642525 0.03368936
v -0.07568079 -0.02884071 0.04336307
v -0.07523985 -0.03042586 0.04094967
v -0.07485693 -0.03150778 0.03851616
v -0.07489173 -0.03163359 0.04094967
v -0.07489173 -0.03173423 0.04336307
v -0.07411428 -0.03368421 0.04094967
v -0.07404465 -0.03368421 0.03851616
v -0.07165427 -0.03852771 0.03125586
v -0.07066795 -0.04051543 0.02884246
v -0.07012257 -0.04181123 0.03125586
v -0.07033144 -0.04223897 0.04336307
v -0.06957719 -0.04337121 0.03851616
v -0.07007616 -0.04172317 0.02884246
v -0.06785984 -0.04213832 -0.01089815
v -0.06537662 -0.04446572 -0.03169359
v -0.06535342 -0.04927147 0.02399556
v -0.06119926 -0.04535893 -0.09462293
v -0.06320671 -0.04964889 -0.00747917
v -0.05858840 -0.05239144 -0.04862759
v -0.05865803 -0.05249209 -0.04619408
v -0.05889010 -0.05275628 -0.03895389
v -0.05767170 -0.05369982 -0.04619408
v -0.05578029 -0.05427852 -0.06694930
v -0.05582670 -0.05432885 -0.06556160
v -0.05590793 -0.05441690 -0.06312809
v -0.05198585 -0.05536044 -0.10671002
v -0.05189302 -0.05528496 -0.10914353
v -0.05066301 -0.05649269 -0.10914353
v -0.04632320 -0.06172619 -0.07523530
v -0.04244753 -0.07006707 0.03610276
v -0.04244753 -0.07014255 0.03851616
v -0.04432735 -0.06916128 0.04094967
v -0.04486112 -0.06277037 -0.07523530
v -0.04600989 -0.06391520 -0.04191030
v -0.04354989 -0.06390262 -0.07038839
v -0.04329461 -0.06378939 -0.07523530
v -0.04302772 -0.06845677 0.00945483
v -0.04314376 -0.06851967 0.01188834
v -0.04244753 -0.06961417 0.02642906
v -0.04244753 -0.06984062 0.03125586
v -0.03950017 -0.07151384 0.04577647
v -0.04059092 -0.07098545 0.04094967
v -0.04049809 -0.07098545 0.03851616
v -0.04037045 -0.07096029 0.03610276
v -0.04025441 -0.07092255 0.03368936
v -0.03644837 -0.07123706 0.00762467
v -0.03275836 -0.07201705 -0.00263226
v -0.03034477 -0.07298575 0.00462804
v -0.02769911 -0.07392929 0.00945483
v -0.02754826 -0.07387897 0.00704144
v -0.02839534 -0.07345123 0.00219453
v -0.03034477 -0.07172770 -0.02684668
v -0.03034477 -0.07162706 -0.02928019
v -0.02549439 -0.07453315 0.00945483
v -0.02462410 -0.07371542 -0.01232607
v -0.02445005 -0.07366510 -0.01417635
v -0.02422957 -0.07362736 -0.01578528
v -0.02328967 -0.07381606 -0.01488025
v -0.01959966 -0.06882160 -0.12784736
v -0.01713966 -0.07122448 -0.08408442
v -0.01946042 -0.07363994 -0.02811372
v -0.01582843 -0.07102319 -0.08977602
v -0.01474928 -0.07121190 -0.08623637
v -0.00856446 -0.07460864 -0.00989257
v -0.00713719 -0.07609314 0.02463913
v -0.01454041 -0.07121190 -0.08623637
v -0.01098965 -0.07418090 -0.02201989
v -0.00727643 -0.07365252 -0.02835505
v -0.00615087 -0.07492315 0.00219453
v -0.00372567 -0.07470928 0.00462804
v -0.00372567 -0.07503638 0.01188834
v -0.00048821 -0.07355188 -0.00506577
v -0.00130048 -0.07484767 0.02158216
v 0.00354990 -0.07455832 0.04336307
v 0.02367088 -0.05134726 -0.14122160
v 0.02440192 -0.04972438 -0.14210652
v 0.02412343 -0.04699440 -0.14425846
v 0.01161454 -0.05139758 -0.14657130
v 0.01234558 -0.04978728 -0.14675231
v 0.01080228 -0.05060501 -0.14695343
v 0.02448315 -0.03533226 -0.14675231
v 0.00838869 -0.05063017 -0.14725510
v 0.02049144 0.00988212 -0.14743610
v 0.02291664 0.00745408 -0.14725510
v 0.02307909 0.01003309 -0.14723499
v 0.02465720 0.00932858 -0.14691320
v 0.02108324 0.01516594 -0.14637019
v 0.01981842 0.02143104 -0.14451992
v 0.02057267 0.02213555 -0.14387634
v 0.02224361 0.01229758 -0.14693331
v 0.02369409 0.01780785 -0.14403723
v 0.02071191 0.02461391 -0.14275008
v 0.02219720 0.02394714 -0.14220708
v 0.00354990 0.04655433 0.00704144
v 0.00838869 0.04566112 0.01673525
v 0.00838869 0.04579950 0.01916876
v 0.01525813 0.03336995 -0.13094455
v 0.01137086 0.03500542 -0.13335795
v 0.00474509 0.03772281 -0.13691772
v 0.00377038 0.03808764 -0.13597247
v -0.00016331 0.04012569 -0.12207531
v 0.02439032 0.02115427 -0.14206629
v 0.02381013 0.02276457 -0.14152328
v 0.02165182 0.02555745 -0.14176462
v 0.02458758 0.02362005 -0.13989423
v 0.02208116 0.02593486 -0.14015569
v 0.02364767 0.02520520 -0.13820486
v 0.02244088 0.02623680 -0.13820486
v 0.02010852 0.02872774 -0.13577135
v 0.01976040 0.02842581 -0.13820486
v 0.01858842 0.02993547 -0.13577135
v 0.01614002 0.03240125 -0.13335795
v 0.00546453 -0.07140061 -0.02201989
v 0.00668293 -0.07106093 -0.02201989
v 0.01113878 -0.07093513 0.01430174
v 0.01131284 -0.07097287 0.01673525
v 0.01146369 -0.07101061 0.01916876
v 0.01159133 -0.07104836 0.02158216
v 0.01068624 -0.07168996 0.02884246
v 0.01181180 -0.07112383 0.02642906
v 0.01080228 -0.07189125 0.03610276
v 0.01080228 -0.07196673 0.03851616
v 0.01080228 -0.07219318 0.04577647
v 0.01245001 -0.07141319 0.04577647
v 0.01565266 -0.06982804 0.04336307
v 0.01732360 -0.06902289 0.04336307
v 0.01854200 -0.06841903 0.04336307
v 0.02049144 -0.06742517 0.04094967
v 0.02049144 -0.06734968 0.03851616
v 0.01663898 -0.06868321 0.02158216
v 0.01926144 -0.06394036 -0.03754608
v 0.02117606 -0.06365101 -0.02201989
v 0.02262654 -0.06224199 -0.02928019
v 0.02406541 -0.06390262 0.01916876
v 0.02253371 -0.06216651 -0.03169359
v 0.02249890 -0.05727269 -0.10914353
v 0.02238286 -0.05719720 -0.11157705
v 0.02174465 -0.05671914 -0.12535351
v 0.02167503 -0.05665624 -0.12696244
v 0.02159380 -0.05660592 -0.12851105
v 0.02259173 -0.05510884 -0.13577135
v 0.02226682 -0.05479432 -0.13820486
v 0.02189550 -0.05444207 -0.13965289
v 0.02277739 -0.05290724 -0.14043725
v -0.00481643 0.04260405 -0.10125977
v 0.00005716 0.04744755 0.00537217
v -0.00504851 0.04981269 0.02803800
v -0.00441030 0.04996366 0.03368936
v -0.00615087 0.05032849 0.03368936
v -0.00615087 0.05037882 0.03610276
v -0.00246086 0.04983785 0.04094967
v -0.00372567 0.05007688 0.04336307
v -0.00856446 0.05088203 0.04577647
v -0.00856446 0.05080655 0.04094967
v -0.00856446 0.05074365 0.03851616
v -0.01098965 0.05117139 0.04577647
v -0.01098965 0.05109590 0.04336307
v -0.00856446 0.05059268 0.03368936
v -0.00856446 0.05049204 0.03125586
v -0.01098965 0.05078139 0.03610276
v -0.01098965 0.05065559 0.03368936
v -0.01825362 0.05055494 0.03125586
v -0.02458929 0.04988817 0.04094967
v -0.02065561 0.05011462 0.02642906
v -0.02199004 0.04985044 0.02486036
v -0.02218731 0.04990076 0.02642906
v -0.02243099 0.04995108 0.02884246
v -0.02265146 0.05000140 0.03125586
v -0.02385825 0.04973721 0.03125586
v -0.02791958 0.04880625 0.03125586
v -0.03011270 0.04763626 0.01673525
v -0.03107581 0.04729658 0.01430174
v -0.03275836 0.04802626 0.03851616
v -0.03293242 0.04764884 0.03129608
v -0.03386072 0.04738465 0.03051173
v -0.03759714 0.04353501 -0.01232607
v -0.04408366 0.04278018 0.02642906
v -0.04113630 0.04252857 -0.00263226
v -0.03902441 0.04267954 -0.01717298
v -0.04002234 0.03659057 -0.09944972
v -0.04002234 0.03675411 -0.09703633
v -0.04099706 0.04245308 -0.00506577
v -0.04267960 0.04450371 0.04577647
v -0.04706584 0.04205051 0.04105023
v -0.04554574 0.04230212 0.03125586
v -0.04728631 0.04179890 0.03851616
v -0.04728631 0.04166051 0.03610276
v -0.04728631 0.04135858 0.03125586
v -0.04728631 0.04120762 0.02884246
v -0.04674093 0.04060375 0.01430174
v -0.04649725 0.04042762 0.00945483
v -0.04611433 0.03533251 -0.06952359
v -0.05096471 0.03533251 -0.02111486
v -0.05151009 0.03570993 -0.00989257
v -0.05304179 0.03505574 -0.00263226
v -0.05323906 0.03523187 0.00219453
v -0.05508406 0.03471607 0.01673525
v -0.05517689 0.03479155 0.01916876
v -0.05833312 0.03301770 0.03610276
v -0.06096718 0.03085385 0.04336307
v -0.05825190 0.03294221 0.03368936
v -0.06306747 0.02808613 0.03658544
v -0.06309068 0.02812388 0.03851616
v -0.06517936 0.02526810 0.03368936
v -0.06611927 0.02409811 0.03851616
v -0.06608445 0.02404779 0.03368936
v -0.06604965 0.02403520 0.03125586
v -0.06599163 0.02401004 0.02884246
v -0.06809191 0.02115427 0.03851616
v -0.06594521 0.02393456 0.02642906
v -0.06716361 0.02198458 0.02884246
v -0.07131776 0.01472562 0.03851616
v -0.07273343 0.00871213 0.01044031
v -0.07167748 0.01472562 0.04577647
v -0.06802228 0.02106620 0.03610276
v -0.06703597 0.02198458 0.02642906
v -0.06891578 0.01956912 0.03851616
v -0.06826597 0.01419724 -0.02201989
v -0.06689672 0.02198458 0.02399556
v -0.06818475 0.01407144 -0.02443328
v -0.06810352 0.01154275 -0.04619408
v -0.06795267 0.01125340 -0.05104099
v -0.07257097 0.01073760 0.02642906
v -0.07237371 0.01263726 0.04094967
v -0.07498456 0.00566765 0.04336307
v -0.07315116 0.00745408 0.01188834
v -0.07399824 0.00503862 0.01673525
v -0.07616815 0.00019512 0.03851616
v -0.07575042 0.00019512 0.02884246
v -0.07471767 0.00262316 0.01916876
v -0.07521664 -0.00071067 0.01188834
v -0.07513542 -0.00103777 0.00832859
v -0.07675995 -0.00222034 0.03851616
v -0.07701523 -0.00464838 0.03610276
v -0.07703844 -0.00706384 0.03368936
v -0.07714287 -0.00706384 0.03610276
v -0.07684117 -0.00949188 0.02642906
v -0.07663230 -0.01190734 0.01916876
v -0.07515863 -0.01053606 -0.01146128
v -0.07604051 -0.01432279 0.00462804
v -0.07513542 -0.01795856 -0.00872609
v -0.07665551 -0.02158175 0.03125586
v -0.07686438 -0.02158175 0.03610276
v -0.07732853 -0.01915371 0.03851616
v -0.07274504 -0.02056273 -0.05049798
v -0.07695721 -0.02158175 0.03851616
v -0.07604051 -0.02399721 0.02642906
v -0.07565758 -0.02642525 0.02884246
v -0.07513542 -0.03004844 0.03489607
v -0.07486853 -0.03109263 0.03588154
v -0.07471767 -0.03126875 0.03368936
v -0.07385900 -0.03368421 0.03368936
v -0.07396343 -0.03368421 0.03610276
v -0.07245494 -0.03671612 0.03125586
v -0.07146862 -0.03852771 0.02642906
v -0.07051710 -0.04018834 0.02158216
v -0.07034305 -0.03984867 0.01430174
v -0.06877654 -0.04094317 -0.00506577
v -0.06769738 -0.04181123 -0.01717298
v -0.06530700 -0.04436507 -0.03410699
v -0.06261492 -0.04382411 -0.08736262
v -0.06059586 -0.04211316 -0.13669648
v -0.06095558 -0.04501926 -0.10188323
v -0.06024775 -0.04656667 -0.09462293
v -0.06032897 -0.04666731 -0.09218942
v -0.05843755 -0.05217758 -0.05345439
v -0.05333189 -0.05425336 -0.10288881
v -0.05351755 -0.05447981 -0.09703633
v -0.05320424 -0.05408981 -0.10671002
v -0.05161452 -0.05498303 -0.11642395
v -0.05054698 -0.05639205 -0.11157705
v -0.04894565 -0.05699591 -0.11883734
v -0.04946783 -0.05734817 -0.10914353
v -0.04795933 -0.05873203 -0.10429663
v -0.05110396 -0.05445465 -0.12851105
v -0.05094150 -0.05427852 -0.13235237
v -0.04002234 -0.07060803 0.02399556
v -0.04425772 -0.06195264 -0.09462293
v -0.04486112 -0.06290876 -0.07282190
v -0.04302772 -0.06365101 -0.08010232
v -0.03766677 -0.06347488 -0.13094455
v -0.04206461 -0.06919901 0.01430174
v -0.04287687 -0.06840645 0.00704144
v -0.04227347 -0.06933740 0.01916876
v -0.04002234 -0.07038158 0.01916876
v -0.04012677 -0.07087223 0.03125586
v -0.03828177 -0.07104836 0.01916876
v -0.03637874 -0.07119932 0.00601574
v -0.03275836 -0.07192899 -0.00506577
v -0.03034477 -0.07289769 0.00219453
v -0.03034477 -0.07280963 -0.00021887
v -0.03166761 -0.07126222 -0.02928019
v -0.02989223 -0.07143835 -0.03654049
v -0.02968336 -0.07138803 -0.03895389
v -0.02914958 -0.07122448 -0.04514828
v -0.02791958 -0.06986579 -0.07766881
v -0.02791958 -0.06962675 -0.08251571
v -0.02171155 -0.06877128 -0.12195465
v -0.02065561 -0.06848193 -0.13094455
v -0.02065561 -0.06820515 -0.13577135
v -0.01825362 -0.06839386 -0.13577135
v -0.01825362 -0.06869580 -0.13094455
v -0.01582843 -0.07053255 -0.09944972
v -0.01582843 -0.07078416 -0.09462293
v -0.01582843 -0.07090997 -0.09218942
v -0.01098965 -0.07395445 -0.02684668
v -0.01340324 -0.07063320 -0.09703633
v -0.01340324 -0.07075900 -0.09462293
v -0.01340324 -0.07088481 -0.09218942
v -0.00372567 -0.07459606 0.00219453
v -0.00856446 -0.07018030 -0.10188323
v -0.00741568 -0.07121190 -0.07881517
v -0.00372567 -0.07229382 -0.04619408
v 0.00474509 -0.07121190 -0.03042655
v 0.00488434 -0.07124964 -0.02881762
v 0.02205795 -0.05219016 -0.14224730
v 0.02270776 -0.05041630 -0.14299142
v 0.02174465 -0.04948535 -0.14427858
v 0.02095559 -0.05109565 -0.14387634
v 0.01000161 -0.05210209 -0.14679252
v 0.01934267 -0.05188823 -0.14427858
v 0.00838869 -0.05239144 -0.14695343
v -0.04244753 -0.04578667 -0.14755676
v 0.01806625 0.01472562 -0.14749643
v 0.00596349 -0.05261789 -0.14703386
v -0.02536675 -0.05561206 -0.14683275
v -0.02791958 -0.05502077 -0.14691320
v 0.02049144 0.01229758 -0.14743610
v 0.02036380 0.01449917 -0.14695343
v 0.01824030 0.02213555 -0.14500260
v 0.01945870 0.01615980 -0.14675231
v 0.01915700 0.02304134 -0.14419813
v 0.02003889 0.02618648 -0.14224730
v 0.01754408 0.02385908 -0.14460036
v 0.01824030 0.02456359 -0.14393667
v 0.01493323 0.03318124 -0.13335795
v 0.01322747 0.03408704 -0.13335795
v 0.00993199 0.03545832 -0.13516800
v 0.00950265 0.03524445 -0.13679704
v 0.00596349 0.03669121 -0.13820486
v 0.00417651 0.03752152 -0.13820486
v 0.00296971 0.03793668 -0.13820486
v 0.00112471 0.03886764 -0.13577135
v 0.00112471 0.03903118 -0.13335795
v -0.00041859 0.04007537 -0.12368425
v 0.01730040 0.02827484 -0.14206629
v 0.01891332 0.02779678 -0.14140261
v 0.01948191 0.02818678 -0.13977357
v 0.02096720 0.02744452 -0.13820486
v 0.01737002 0.03085385 -0.13577135
v 0.01459671 0.03296738 -0.13482611
v 0.00596349 -0.07077158 -0.03169359
v 0.00452462 -0.06630550 -0.12368425
v 0.00596349 -0.06517325 -0.13577135
v 0.00720510 -0.06880902 -0.05976945
v 0.00838869 -0.06942547 -0.03895389
v 0.01080228 -0.07005450 -0.00747917
v 0.01080228 -0.07018030 -0.00506577
v 0.01080228 -0.07040675 -0.00021887
v 0.01322747 -0.06997901 0.01188834
v 0.01322747 -0.07007965 0.01430174
v 0.01190464 -0.07116158 0.02884246
v 0.01350596 -0.07077158 0.04094967
v 0.01841436 -0.06838128 0.03851616
v 0.01848399 -0.06840645 0.04094967
v 0.01825191 -0.06830580 0.03368936
v 0.01507247 -0.06914869 0.01430174
v 0.01494483 -0.06909837 0.01188834
v 0.01445747 -0.06879644 0.00088727
v 0.01673181 -0.06872096 0.02399556
v 0.01919182 -0.06390262 -0.03895389
v 0.02028257 -0.06334908 -0.03666116
v 0.02049144 -0.06307230 -0.03895389
v 0.01646493 -0.06127329 -0.11157705
v 0.01806625 -0.06019137 -0.11157705
v 0.02067710 -0.05840493 -0.11157705
v 0.01882050 -0.05880751 -0.12368425
v 0.02132691 -0.05641721 -0.13335795
v 0.01928465 -0.05910944 -0.11521725
v 0.02117606 -0.05631657 -0.13577135
v 0.02049144 -0.05612786 -0.13840597
v 0.01924984 -0.05666882 -0.13937133
v 0.01692908 -0.05673173 -0.14190541
v 0.01953993 -0.05447981 -0.14210652
v 0.02116446 -0.05380046 -0.14126183
v -0.00615087 0.05021527 0.03125586
v -0.00372567 0.04163535 -0.11157705
v -0.00615087 0.04159761 -0.11883734
v -0.00856446 0.04116987 -0.13094455
v -0.00856446 0.04132084 -0.12851105
v -0.01098965 0.04137116 -0.13094455
v -0.00615087 0.05046688 0.04336307
v -0.01992457 0.04990076 0.02158216
v -0.02434561 0.04257889 -0.09605085
v -0.02451967 0.04262921 -0.09462293
v -0.02920760 0.04742239 0.00800680
v -0.02938166 0.04746013 0.00945483
v -0.02791958 0.04813948 0.01673525
v -0.02961373 0.04752304 0.01188834
v -0.03083213 0.04723368 0.01188834
v -0.03275836 0.04574918 -0.00263226
v -0.03430167 0.04510758 -0.00506577
v -0.03759714 0.04338404 -0.01473947
v -0.03890837 0.04261663 -0.01894281
v -0.03148195 0.03771023 -0.13915011
v -0.04516282 0.04210083 0.02399556
v -0.04002234 0.03625089 -0.10429663
v -0.04222706 0.03589864 -0.09218942
v -0.04453621 0.03582315 -0.07523530
v -0.03838620 0.03755926 -0.09703633
v -0.04486112 0.04118245 0.00704144
v -0.04500036 0.04203793 0.02158216
v -0.04592867 0.04249083 0.03851616
v -0.04801735 0.03255222 -0.08977602
v -0.04814499 0.03264028 -0.08736262
v -0.04506999 0.03586089 -0.07036828
v -0.04124073 0.03530735 -0.10797706
v -0.04633480 0.03061482 -0.13094455
v -0.04648565 0.03070288 -0.12851105
v -0.04662489 0.03079094 -0.12609765
v -0.04811018 0.03016192 -0.12125074
v -0.04844669 0.03041353 -0.11467424
v -0.05283292 0.03487961 -0.00747917
v -0.05627925 0.03342027 0.01430174
v -0.05638368 0.03350834 0.01673525
v -0.05357556 0.03309318 -0.02201989
v -0.06080473 0.03066514 0.03851616
v -0.06302105 0.02803581 0.03497652
v -0.05783416 0.02764582 -0.03895389
v -0.06506332 0.02514229 0.02642906
v -0.06512134 0.02521777 0.02884246
v -0.06515615 0.02524294 0.03125586
v -0.06586398 0.02382134 0.02399556
v -0.06790625 0.01114017 -0.05269015
v -0.06795267 0.00885052 -0.06797499
v -0.06781342 0.00847311 -0.07282190
v -0.06760455 0.00537830 -0.09462293
v -0.06783663 0.00369251 -0.09999273
v -0.07112050 0.00262316 -0.04862759
v -0.07139899 0.00262316 -0.04380080
v -0.07284946 0.00183059 -0.02201989
v -0.07354569 0.00503862 0.00704144
v -0.06570153 0.02356973 0.01916876
v -0.06057265 0.01827333 -0.10735360
v -0.06810352 0.01393305 -0.02684668
v -0.06789465 0.01355563 -0.03322207
v -0.07366173 0.00503862 0.00945483
v -0.07405626 0.00262316 0.00462804
v -0.07427673 0.00262316 0.00945483
v -0.07477570 0.00019512 0.00704144
v -0.07455523 0.00019512 0.00219453
v -0.07029664 -0.00102519 -0.07887551
v -0.07445079 -0.00222034 -0.00747917
v -0.07465965 -0.00706384 -0.01473947
v -0.07490334 -0.00949188 -0.01473947
v -0.07477570 -0.00949188 -0.01717298
v -0.07030824 -0.01293894 -0.10584522
v -0.07030824 -0.01324087 -0.10584522
v -0.07269862 -0.02021048 -0.05210691
v -0.07583164 -0.02399721 0.02158216
v -0.07161946 -0.02158175 -0.06797499
v -0.07229248 -0.02158175 -0.05586779
v -0.07555314 -0.02642525 0.02642906
v -0.07522824 -0.02794750 0.02642906
v -0.07226927 -0.02884071 -0.02684668
v -0.07264060 -0.02977167 -0.01473947
v -0.07207201 -0.03126875 -0.01717298
v -0.07266381 -0.03474098 0.01673525
v -0.07269862 -0.03485420 0.01826373
v -0.07282625 -0.03515613 0.02399556
v -0.07297711 -0.03550839 0.03125586
v -0.07136418 -0.03852771 0.02399556
v -0.07105087 -0.03852771 0.01673525
v -0.07073757 -0.03874158 0.01194868
v -0.07067956 -0.03812513 0.00462804
v -0.07009936 -0.03933287 0.00462804
v -0.06997173 -0.03906868 -0.00021887
v -0.06991371 -0.03891771 -0.00263226
v -0.06527219 -0.03937061 -0.08010232
v -0.06326473 -0.04261638 -0.08736262
v -0.06565511 -0.04254090 -0.04619408
v -0.06248728 -0.04353476 -0.09218942
v -0.06328794 -0.03788610 -0.12368425
v -0.06526058 -0.03441388 -0.11642395
v -0.06310228 -0.03748353 -0.12851105
v -0.06231322 -0.03852771 -0.13335795
v -0.06211596 -0.03852771 -0.13577135
v -0.06542304 -0.02997296 -0.13659593
v -0.06317190 -0.03525678 -0.13774229
v -0.06094397 -0.04060350 -0.13820486
v -0.06044501 -0.04181123 -0.13820486
v -0.05936586 -0.04337121 -0.13820486
v -0.05832152 -0.04474249 -0.13820486
v -0.05847237 -0.04491862 -0.13577135
v -0.05985322 -0.04315734 -0.13585179
v -0.06063067 -0.04461668 -0.11073235
v -0.06068869 -0.04469217 -0.10914353
v -0.06695474 -0.03611225 -0.07766881
v -0.06680389 -0.03611225 -0.08010232
v -0.05998086 -0.04623957 -0.10188323
v -0.05648812 -0.05030308 -0.10429663
v -0.05776453 -0.04649118 -0.12851105
v -0.05301859 -0.05386337 -0.11157705
v -0.05029169 -0.05619076 -0.11642395
v -0.04813339 -0.05642979 -0.13335795
v -0.04400244 -0.05934847 -0.13335795
v -0.04106668 -0.06141168 -0.13335795
v -0.04758801 -0.05848042 -0.11157705
v -0.04465225 -0.06084555 -0.10671002
v -0.04415329 -0.06186458 -0.09703633
v -0.05282132 -0.05363692 -0.11642395
v -0.05086028 -0.05420304 -0.13396129
v -0.04944462 -0.05502077 -0.13820486
v -0.05363359 -0.05219016 -0.12125074
v -0.05170736 -0.05278144 -0.13820486
v -0.03814252 -0.07099803 0.01673525
v -0.04207621 -0.06209102 -0.11399043
v -0.03984828 -0.06219167 -0.13335795
v -0.04002234 -0.06253134 -0.12609765
v -0.04002234 -0.06295908 -0.11883734
v -0.03736507 -0.06348746 -0.13313672
v -0.03629752 -0.06391520 -0.13378030
v -0.04002234 -0.07025578 0.01673525
v -0.03275836 -0.06527390 -0.13577135
v -0.03626271 -0.07117416 0.00462804
v -0.03426686 -0.07133771 -0.00747917
v -0.03441770 -0.07138803 -0.00506577
v -0.03157478 -0.07122448 -0.03072823
v -0.03144713 -0.07118674 -0.03233716
v -0.02979940 -0.06903547 -0.08492911
v -0.02943968 -0.06889708 -0.08977602
v -0.02912638 -0.06879644 -0.09341622
v -0.02791958 -0.06937514 -0.08736262
v -0.02422957 -0.06878386 -0.11258263
v -0.02308080 -0.06840645 -0.12368425
v -0.02308080 -0.06799129 -0.13094455
v -0.02308080 -0.06771452 -0.13577135
v -0.02904515 -0.06635582 -0.13669648
v -0.02743222 -0.06653195 -0.13736017
v -0.02065561 -0.06755097 -0.13820486
v -0.01825362 -0.06781516 -0.13820486
v -0.01582843 -0.06784032 -0.13820486
v -0.01340324 -0.06781516 -0.13820486
v -0.00615087 -0.06770194 -0.13820486
v -0.01582843 -0.06830580 -0.13577135
v -0.01582843 -0.06848193 -0.13335795
v -0.01326399 -0.06888451 -0.12629876
v -0.01582843 -0.06875870 -0.12925517
v -0.01582843 -0.06895999 -0.12609765
v -0.01582843 -0.06953869 -0.11642395
v -0.01582843 -0.07025578 -0.10429663
v -0.01582843 -0.07039417 -0.10188323
v -0.01340324 -0.07036900 -0.10188323
v -0.01098965 -0.07041933 -0.09944972
v -0.01098965 -0.07004191 -0.10671002
v -0.01098965 -0.07029352 -0.10188323
v -0.00856446 -0.06994127 -0.10671002
v -0.00615087 -0.07036900 -0.09218942
v -0.00615087 -0.07060803 -0.08736262
v -0.00130048 -0.07187867 -0.04380080
v -0.00494407 -0.07121190 -0.07157498
v -0.00372567 -0.06799129 -0.13094455
v -0.00130048 -0.06784032 -0.12368425
v 0.00112471 -0.06777742 -0.11399043
v 0.00112471 -0.06765161 -0.11642395
v 0.00112471 -0.06752581 -0.11883734
v 0.00309736 -0.06658227 -0.12609765
v 0.02024776 -0.05284434 -0.14299142
v 0.01806625 -0.05361175 -0.14381601
v 0.01806625 -0.05240403 -0.14445957
v 0.01510728 -0.05479432 -0.14443947
v 0.01386568 -0.05640463 -0.14411768
v 0.01225275 -0.05675688 -0.14429869
v 0.01672021 -0.05415272 -0.14421824
v -0.00256530 -0.06151232 -0.14425846
v -0.01175550 -0.06406616 -0.14431879
v -0.01340324 -0.06417939 -0.14439924
v -0.04486112 -0.04337121 -0.14749643
v -0.05213669 0.00503862 -0.14727522
v -0.04728631 0.01229758 -0.14733555
v -0.04486112 0.01472562 -0.14735565
v 0.01080228 0.02198458 -0.14755676
v 0.01565266 0.01714108 -0.14751655
v -0.04244753 -0.04779956 -0.14715454
v -0.04487272 -0.04577409 -0.14715454
v 0.01322747 0.01956912 -0.14753666
v 0.01322747 0.02197200 -0.14707409
v 0.01562945 0.01953138 -0.14705398
v -0.01340324 -0.06273263 -0.14480148
v -0.02417155 -0.05671914 -0.14669197
v -0.02447326 -0.05671914 -0.14669197
v -0.02608618 -0.05650528 -0.14663164
v -0.02791958 -0.05622850 -0.14651096
v -0.02967175 -0.05464336 -0.14681264
v 0.01798502 0.01704044 -0.14701376
v 0.01875087 0.01778269 -0.14645063
v 0.01641851 0.02031137 -0.14651096
v 0.01562945 0.02197200 -0.14620929
v 0.01666219 0.02546938 -0.14417801
v 0.01810106 0.02692872 -0.14266965
v 0.01402813 0.02277715 -0.14653108
v 0.01576870 0.02456359 -0.14500260
v 0.01076746 0.03480413 -0.13589202
v 0.01326228 0.03344544 -0.13569090
v 0.01102275 0.03375995 -0.13840597
v 0.00783170 0.03568476 -0.13820486
v 0.00734434 0.03539541 -0.13957246
v 0.00596349 0.03577283 -0.14013557
v 0.00237792 0.03773539 -0.13943167
v 0.00112471 0.03837700 -0.13820486
v -0.00130048 0.03933312 -0.13577135
v -0.00487445 0.04015085 -0.13462498
v -0.00856446 0.04099374 -0.13335795
v -0.00615087 0.04051569 -0.13335795
v -0.00417822 0.04030181 -0.13094455
v -0.00163699 0.04032698 -0.12368425
v 0.00946784 0.03281640 -0.14174450
v 0.01419058 0.03031288 -0.14160372
v 0.00929378 0.03026256 -0.14413780
v 0.00596349 0.03243899 -0.14393667
v 0.00785491 0.03324415 -0.14226741
v 0.01196265 0.03285415 -0.13933110
v 0.01654615 0.03027514 -0.13892888
v 0.01571068 0.03106771 -0.13816464
v 0.01704511 0.03057708 -0.13731994
v 0.01408615 0.03267803 -0.13643504
v 0.00429255 -0.06624260 -0.12609765
v 0.00354990 -0.06587776 -0.13577135
v 0.00038207 -0.06650678 -0.13820486
v 0.00002235 -0.06640614 -0.13945178
v 0.00765765 -0.06421713 -0.13762161
v 0.00795935 -0.06438068 -0.13577135
v 0.00377038 -0.06610421 -0.13094455
v 0.01322747 -0.06948837 0.00219453
v 0.01588473 -0.06927450 0.02870168
v 0.01341313 -0.06927450 -0.00003786
v 0.01443426 -0.06395294 -0.08611570
v 0.01461992 -0.06405358 -0.08251571
v 0.01565266 -0.06509777 -0.05345439
v 0.01748606 -0.06433036 -0.04862759
v 0.01525813 -0.06201554 -0.11157705
v 0.01632568 -0.06118523 -0.11399043
v 0.01866965 -0.05871945 -0.12609765
v 0.02012012 -0.05720978 -0.13335795
v 0.01996927 -0.05710914 -0.13577135
v 0.01967917 -0.05693301 -0.13776239
v 0.01220633 -0.06163813 -0.13734006
v 0.01176539 -0.06137393 -0.13896910
v 0.01470115 -0.05926041 -0.13975345
v 0.01402813 -0.05887041 -0.14136238
v 0.01242681 -0.05934847 -0.14212662
v 0.01565266 -0.05714688 -0.14238808
v 0.01580351 -0.05554915 -0.14371545
v 0.01788059 -0.05536044 -0.14248864
v -0.00372567 0.04128310 -0.11642395
v -0.00372567 0.04110697 -0.11883734
v -0.00615087 0.04088052 -0.12851105
v -0.01098965 0.04118245 -0.13335795
v -0.01340324 0.04118245 -0.13094455
v -0.01340324 0.04137116 -0.12851105
v -0.01340324 0.04152212 -0.12609765
v -0.02065561 0.04400049 -0.07766881
v -0.02214089 0.04259147 -0.09868548
v -0.01825362 0.04176115 -0.11642395
v -0.02308080 0.04230212 -0.10188323
v -0.02308080 0.04194986 -0.10671002
v -0.02308080 0.04123277 -0.11642395
v -0.02617901 0.04006278 -0.12368425
v -0.02670118 0.04256631 -0.08613581
v -0.02480977 0.04270469 -0.09218942
v -0.02507665 0.04278018 -0.08977602
v -0.03057685 0.04715820 0.00945483
v -0.02706090 0.04269211 -0.08251571
v -0.02966015 0.04275502 -0.06797499
v -0.03818894 0.03748378 -0.09944972
v -0.02791958 0.03888022 -0.13335795
v -0.02791958 0.03865377 -0.13577135
v -0.02791958 0.03840216 -0.13820486
v -0.02986902 0.03784861 -0.13979367
v -0.03054204 0.03724475 -0.14061826
v -0.03290921 0.03618799 -0.14081937
v -0.03470780 0.03568476 -0.14015569
v -0.03948856 0.03323156 -0.14017580
v -0.03632073 0.03526961 -0.13900933
v -0.03538082 0.03583574 -0.13820486
v -0.03254950 0.03725733 -0.13828530
v -0.03518356 0.03656540 -0.13094455
v -0.03759714 0.03671637 -0.11399043
v -0.04002234 0.03607476 -0.10671002
v -0.04835386 0.03035063 -0.11642395
v -0.04098545 0.03516896 -0.11157705
v -0.04372395 0.03291706 -0.12054683
v -0.04607952 0.03046385 -0.13460487
v -0.04754159 0.02978450 -0.13094455
v -0.04770405 0.02987257 -0.12851105
v -0.04360791 0.03285415 -0.12215576
v -0.04889924 0.02846355 -0.13335795
v -0.04902688 0.02856419 -0.13094455
v -0.05557142 0.03027514 -0.03410699
v -0.06384492 0.02647583 0.02642906
v -0.05622123 0.02847613 -0.04862759
v -0.05774133 0.02754517 -0.04136729
v -0.05872765 0.02623680 -0.04380080
v -0.05821708 0.02081459 -0.11312563
v -0.06061907 0.02078943 -0.08149002
v -0.06056105 0.02071395 -0.08309895
v -0.06061907 0.01837397 -0.10574466
v -0.06595681 0.01202081 -0.07523530
v -0.06687351 0.00988212 -0.07766881
v -0.06774380 0.00825924 -0.07523530
v -0.06679228 0.00503862 -0.10914353
v -0.06752333 0.00517701 -0.09703633
v -0.06772059 0.00318929 -0.10429663
v -0.05930784 0.01956912 -0.11157705
v -0.05902935 0.01939299 -0.11642395
v -0.06022454 0.01766946 -0.11642395
v -0.06049143 0.01573206 -0.12851105
v -0.06056105 0.01584529 -0.12662055
v -0.06766257 0.00283703 -0.10671002
v -0.06775540 -0.00405709 -0.13094455
v -0.06789465 -0.00578062 -0.13498699
v -0.06784823 -0.00606997 -0.13659593
v -0.07031984 -0.01052348 -0.10111898
v -0.06813833 -0.00706384 -0.13335795
v -0.06791785 -0.00769286 -0.13754118
v -0.06844003 -0.00949188 -0.13094455
v -0.06934512 -0.01190734 -0.11883734
v -0.07192116 -0.01915371 -0.06797499
v -0.06944955 -0.01432279 -0.11642395
v -0.06963522 -0.01432279 -0.11399043
v -0.06895059 -0.01673825 -0.12125074
v -0.06776700 -0.02143079 -0.13317695
v -0.06783663 -0.02227368 -0.13094455
v -0.06751172 -0.02399721 -0.13335795
v -0.07515863 -0.02526785 0.01285370
v -0.07527465 -0.02569558 0.01673525
v -0.07533268 -0.02594719 0.01916876
v -0.07148022 -0.02158175 -0.07038839
v -0.07231569 -0.02399721 -0.04619408
v -0.07028503 -0.02515462 -0.07861406
v -0.07214163 -0.02884071 -0.02928019
v -0.07201399 -0.02884071 -0.03169359
v -0.06790625 -0.03016167 -0.10123965
v -0.06769738 -0.03188520 -0.09462293
v -0.07029664 -0.03247648 -0.04261421
v -0.07110890 -0.03611225 -0.00263226
v -0.07123654 -0.03611225 -0.00021887
v -0.07054031 -0.03786095 -0.00021887
v -0.07060994 -0.03799933 0.00219453
v -0.07209522 -0.03611225 0.01673525
v -0.06755814 -0.03660289 -0.06312809
v -0.06593360 -0.03392324 -0.10932453
v -0.06533021 -0.03462775 -0.11399043
v -0.06516775 -0.03418743 -0.11883734
v -0.06593360 -0.03358357 -0.11157705
v -0.06705917 -0.03126875 -0.10914353
v -0.06688512 -0.03126875 -0.11157705
v -0.06298624 -0.03719418 -0.13152779
v -0.06585237 -0.02904200 -0.13577135
v -0.06681549 -0.02642525 -0.13577135
v -0.06650219 -0.02642525 -0.13820486
v -0.06574795 -0.02842556 -0.13820486
v -0.06528379 -0.02963329 -0.13820486
v -0.06300945 -0.03485420 -0.13935122
v -0.06074671 -0.04011286 -0.13961267
v -0.05820548 -0.04460410 -0.13943167
v -0.05513047 -0.04864245 -0.13820486
v -0.05625604 -0.04758568 -0.13577135
v -0.05572227 -0.04937212 -0.12432783
v -0.05856520 -0.04504442 -0.13335795
v -0.05865803 -0.04515765 -0.13094455
v -0.06709398 -0.03611225 -0.07523530
v -0.06801068 -0.03524420 -0.06556160
v -0.06769738 -0.03432582 -0.07766881
v -0.06695474 -0.03368421 -0.09462293
v -0.04799414 -0.05632915 -0.13577135
v -0.04678735 -0.05718462 -0.13577135
v -0.04386319 -0.05924783 -0.13577135
v -0.04244753 -0.06024169 -0.13577135
v -0.04088102 -0.06129845 -0.13577135
v -0.04170489 -0.06185199 -0.12125074
v -0.04389800 -0.06170103 -0.10188323
v -0.05065141 -0.05398917 -0.13820486
v -0.04908490 -0.05473142 -0.13989423
v -0.04778527 -0.05622850 -0.13820486
v -0.05595434 -0.04722085 -0.13963279
v -0.05368000 -0.04983760 -0.13981379
v -0.05140566 -0.05242918 -0.13993446
v -0.03967422 -0.06205329 -0.13577135
v -0.03759714 -0.06314779 -0.13577135
v -0.03613507 -0.06382713 -0.13577135
v -0.03492827 -0.06435551 -0.13577135
v -0.03453374 -0.06420455 -0.13774229
v -0.03296723 -0.06461971 -0.13840597
v -0.03017072 -0.06611679 -0.13583169
v -0.03064647 -0.06612937 -0.13335795
v -0.03090176 -0.06619227 -0.13094455
v -0.03115704 -0.06625518 -0.12851105
v -0.03137751 -0.06631808 -0.12609765
v -0.03150515 -0.06635582 -0.12466972
v -0.03275836 -0.06539970 -0.13335795
v -0.03013590 -0.06917386 -0.08010232
v -0.02744383 -0.06895999 -0.09703633
v -0.02791958 -0.06912354 -0.09218942
v -0.02969496 -0.06651936 -0.13094455
v -0.02791958 -0.06679614 -0.13335795
v -0.02549439 -0.06815483 -0.11883734
v -0.03034477 -0.06551292 -0.13820486
v -0.02549439 -0.06674581 -0.13778251
v -0.02549439 -0.06616711 -0.13900933
v -0.02402071 -0.06631808 -0.13931100
v -0.02240778 -0.06648163 -0.13957246
v -0.02065561 -0.06665775 -0.13985401
v -0.01825362 -0.06684646 -0.14021602
v -0.01582843 -0.06690936 -0.14045736
v -0.01340324 -0.06693452 -0.14055792
v -0.01098965 -0.06694711 -0.14059814
v -0.00856446 -0.06695969 -0.14055792
v -0.00372567 -0.06751323 -0.13820486
v -0.00615087 -0.06792838 -0.13577135
v -0.00856446 -0.06802903 -0.13577135
v -0.00615087 -0.06695969 -0.14035680
v -0.00372567 -0.06688420 -0.14009536
v -0.01098965 -0.06846935 -0.13094455
v -0.01326399 -0.06873353 -0.12847082
v -0.00856446 -0.06923676 -0.11883734
v -0.00856446 -0.06940031 -0.11642395
v -0.01098965 -0.06931224 -0.11883734
v -0.01340324 -0.06906063 -0.12368425
v -0.01098965 -0.06976514 -0.11157705
v -0.00856446 -0.06953869 -0.11399043
v -0.00615087 -0.06912354 -0.11642395
v -0.00372567 -0.06785290 -0.13335795
v -0.00130048 -0.06719872 -0.13577135
v -0.00130048 -0.06746290 -0.13094455
v 0.00112471 -0.06726162 -0.12368425
v 0.00202981 -0.06629292 -0.13577135
v 0.01080228 -0.05971331 -0.14244841
v 0.01080228 -0.05816590 -0.14367523
v 0.00838869 -0.05854332 -0.14397690
v 0.00641604 -0.05887041 -0.14415790
v 0.00354990 -0.06222941 -0.14238808
v 0.00093905 -0.06285844 -0.14250874
v -0.00615087 -0.06487132 -0.14254897
v -0.01014257 -0.06380198 -0.14419813
v -0.00615087 -0.06607905 -0.14156350
v -0.00856446 -0.06630550 -0.14176462
v -0.01582843 -0.06416681 -0.14439924
v -0.01340324 -0.06536196 -0.14305177
v -0.04726310 -0.04322025 -0.14701376
v -0.04728631 -0.04094317 -0.14729532
v -0.05410934 -0.03126875 -0.14695343
v -0.05455029 -0.02642525 -0.14711431
v -0.05455029 -0.02399721 -0.14715454
v -0.05647651 -0.02399721 -0.14695343
v -0.05446906 0.00262316 -0.14703386
v -0.05410934 0.00503862 -0.14699365
v -0.05227594 0.00757989 -0.14707409
v -0.04969990 0.00988212 -0.14723499
v -0.04732112 0.01468788 -0.14705398
v -0.04489593 0.01716624 -0.14707409
v -0.04244753 0.01714108 -0.14735565
v -0.04002234 0.01956912 -0.14729532
v -0.01825362 0.02924354 -0.14713443
v 0.00596349 0.02441262 -0.14743610
v 0.00853953 0.02461391 -0.14721487
v 0.01080228 0.02395972 -0.14705398
v -0.04407206 -0.04733408 -0.14689309
v -0.03221298 -0.05951202 -0.14443947
v -0.03292082 -0.06031717 -0.14391657
v -0.03518356 -0.06031717 -0.14325288
v -0.04645084 -0.04496894 -0.14683275
v 0.01241520 0.02345650 -0.14681264
v -0.01756900 -0.06404101 -0.14431879
v -0.02308080 -0.06031717 -0.14534449
v -0.02791958 -0.05790171 -0.14582717
v -0.03034477 -0.05988944 -0.14462048
v 0.01576870 0.02681550 -0.14371545
v 0.01504926 0.02601035 -0.14447969
v 0.01322747 0.02432456 -0.14606851
v 0.01247322 0.03315608 -0.13772218
v 0.00473349 0.03529477 -0.14184506
v 0.00112471 0.03691766 -0.14081937
v -0.00699794 0.03779829 -0.14192551
v 0.00112471 0.03784861 -0.13961267
v -0.00130048 0.03879215 -0.13820486
v -0.00392294 0.03981118 -0.13559035
v -0.00615087 0.04028923 -0.13508755
v -0.00861087 0.04046536 -0.13591214
v -0.01098965 0.04069181 -0.13577135
v 0.01378445 0.02762065 -0.14399702
v 0.01080228 0.02857677 -0.14456013
v 0.00766925 0.03077836 -0.14441935
v 0.00442019 0.03279125 -0.14421824
v 0.00596349 0.03375995 -0.14272998
v -0.00130048 -0.06699743 -0.13820486
v -0.00130048 -0.06662001 -0.13973334
v 0.00735595 -0.06160038 -0.14190541
v 0.00531368 -0.06416681 -0.13969312
v 0.00692661 -0.06385230 -0.13923055
v 0.00605632 -0.06454422 -0.13834564
v 0.01089510 -0.06216651 -0.13816464
v 0.00917774 -0.06370133 -0.13577135
v 0.00843510 -0.06348746 -0.13834564
v 0.00960708 -0.06395294 -0.12981830
v 0.01510728 -0.06192748 -0.11399043
v 0.01494483 -0.06183941 -0.11642395
v 0.01238039 -0.06175135 -0.13577135
v 0.01675502 -0.05903395 -0.13621381
v 0.01728880 -0.05937363 -0.12851105
v 0.01582672 -0.05966299 -0.13555012
v 0.01015246 -0.06186458 -0.13989423
v 0.01322747 -0.05973846 -0.14057804
v 0.00896888 -0.06128587 -0.14150316
v -0.01340324 0.04054085 -0.13577135
v -0.01340324 0.04095600 -0.13335795
v -0.02308080 0.04101891 -0.11883734
v -0.01825362 0.04140890 -0.12125074
v -0.01582843 0.04148439 -0.12368425
v -0.01582843 0.04164793 -0.12125074
v -0.02065561 0.04150955 -0.11642395
v -0.02065561 0.04186180 -0.11157705
v -0.02541316 0.03997473 -0.12605742
v -0.02065561 0.03968537 -0.13577135
v -0.02308080 0.03982375 -0.13094455
v -0.01582843 0.04061633 -0.13335795
v -0.01826523 0.03998731 -0.13577135
v -0.02549439 0.03870409 -0.13820486
v -0.02791958 0.03799959 -0.14019592
v -0.02791958 0.03743346 -0.14140261
v -0.03221298 0.03559671 -0.14198584
v -0.03381431 0.03523187 -0.14176462
v -0.03869951 0.03282899 -0.14178473
v -0.04350347 0.03037579 -0.14174450
v -0.04409527 0.03076578 -0.14013557
v -0.04244753 0.03213706 -0.13820486
v -0.04113630 0.03282899 -0.13820486
v -0.04136837 0.03295479 -0.13536911
v -0.03518356 0.03615024 -0.13577135
v -0.03780601 0.03582315 -0.12364402
v -0.03759714 0.03633895 -0.11883734
v -0.03759714 0.03652766 -0.11642395
v -0.03959300 0.03570993 -0.11399043
v -0.04060252 0.03496768 -0.11642395
v -0.04228507 0.03241383 -0.13603280
v -0.04293489 0.03248932 -0.13094455
v -0.04504678 0.03095449 -0.13557023
v -0.04737914 0.02967128 -0.13335795
v -0.04596348 0.03038837 -0.13621381
v -0.04872518 0.02827484 -0.13528866
v -0.05011764 0.02711743 -0.13335795
v -0.05544378 0.02284006 -0.12125074
v -0.05813586 0.02072653 -0.11475467
v -0.05763689 0.02744452 -0.04380080
v -0.06039859 0.02051266 -0.08736262
v -0.06003888 0.02003460 -0.09703633
v -0.06586398 0.01188242 -0.07766881
v -0.06662984 0.00503862 -0.11157705
v -0.06088596 0.01397079 -0.13577135
v -0.06201152 0.01229758 -0.13094455
v -0.06289341 0.01076276 -0.12851105
v -0.06552747 0.00640990 -0.11883734
v -0.06724484 0.00262316 -0.11399043
v -0.06740728 0.00262316 -0.11157705
v -0.05890171 0.01920429 -0.11883734
v -0.06037539 0.01554336 -0.13094455
v -0.06012010 0.01751850 -0.11883734
v -0.06707077 0.00262316 -0.11642395
v -0.06716361 0.00019512 -0.12368425
v -0.06765097 -0.00438418 -0.13335795
v -0.06758135 -0.00484966 -0.13577135
v -0.06731446 -0.00464838 -0.13820486
v -0.06779021 -0.00695061 -0.13828530
v -0.06781342 -0.00949188 -0.13870764
v -0.06791785 -0.00949188 -0.13750095
v -0.06825436 -0.00949188 -0.13335795
v -0.06835880 -0.01190734 -0.13094455
v -0.06791785 -0.01915371 -0.13261382
v -0.06754654 -0.02158175 -0.13577135
v -0.06736087 -0.02399721 -0.13577135
v -0.06696635 -0.02642525 -0.13335795
v -0.06739568 -0.02642525 -0.12609765
v -0.07216484 -0.02642525 -0.03895389
v -0.06754654 -0.03152036 -0.09944972
v -0.06702436 -0.02884071 -0.12125074
v -0.07047069 -0.03770998 -0.00263226
v -0.06680389 -0.03368421 -0.09703633
v -0.06686191 -0.02884071 -0.12368425
v -0.06668785 -0.02884071 -0.12609765
v -0.06650219 -0.02884071 -0.12851105
v -0.06707077 -0.02399721 -0.13820486
v -0.06585237 -0.02642525 -0.13989423
v -0.06556228 -0.02796008 -0.13955234
v -0.06015492 -0.03852771 -0.14122160
v -0.05865803 -0.04337121 -0.13991435
v -0.05854199 -0.04032673 -0.14226741
v -0.05948189 -0.04103124 -0.14063837
v -0.05801982 -0.04193703 -0.14166407
v -0.05747444 -0.04337121 -0.14112104
v -0.05515368 -0.04622699 -0.14124172
v -0.05442264 -0.04805116 -0.14053781
v -0.04374715 -0.05917234 -0.13719928
v -0.04631159 -0.05681978 -0.13965289
v -0.04976952 -0.05309595 -0.14071882
v -0.04365432 -0.05669398 -0.14184506
v -0.04108989 -0.05893331 -0.14166407
v -0.05282132 -0.04888148 -0.14144283
v -0.05045415 -0.05137242 -0.14156350
v -0.03930290 -0.06181426 -0.13768196
v -0.03527639 -0.06362585 -0.13840597
v -0.03390714 -0.06392778 -0.13937133
v -0.03229421 -0.06422971 -0.13987413
v -0.03034477 -0.06448132 -0.14029647
v -0.03034477 -0.06375165 -0.14150316
v -0.01825362 -0.06611679 -0.14144283
v -0.01582843 -0.06628033 -0.14168417
v -0.01340324 -0.06633066 -0.14176462
v -0.01098965 -0.06634324 -0.14180483
v -0.00372567 -0.06770194 -0.13577135
v -0.00615087 -0.06810451 -0.13335795
v -0.00764776 -0.06878386 -0.12470995
v -0.00372567 -0.06572680 -0.14130205
v -0.01098965 -0.06946321 -0.11642395
v -0.00615087 -0.06826806 -0.13094455
v -0.00615087 -0.06841903 -0.12851105
v -0.00698634 -0.06883418 -0.12310101
v -0.00658021 -0.06889708 -0.12125074
v 0.00824944 -0.06041782 -0.14262942
v 0.00596349 -0.06182683 -0.14210652
v 0.00163528 -0.06375165 -0.14164395
v 0.00002235 -0.06397810 -0.14184506
v -0.00130048 -0.06416681 -0.14200596
v -0.01582843 -0.06528647 -0.14305177
v -0.05170736 -0.03611225 -0.14695343
v -0.05602397 -0.04001221 -0.14437914
v -0.04860914 -0.04230187 -0.14673219
v -0.05070943 -0.03939577 -0.14661153
v -0.05329707 -0.03482904 -0.14667186
v -0.05372641 -0.03320615 -0.14683275
v -0.05590793 -0.02807330 -0.14675231
v -0.05618642 -0.02642525 -0.14685287
v -0.05768331 -0.02399721 -0.14647075
v -0.05940067 -0.02158175 -0.14580706
v -0.06306747 -0.01251120 -0.14429869
v -0.05940067 -0.00222034 -0.14552550
v -0.05697548 0.00019512 -0.14628974
v -0.05566425 0.00262316 -0.14665174
v -0.05940067 0.00019512 -0.14542494
v -0.05532774 0.00503862 -0.14647075
v -0.05368000 0.00685022 -0.14683275
v -0.05145207 0.00988212 -0.14687297
v -0.04961867 0.01209629 -0.14693331
v -0.04875999 0.01385757 -0.14677242
v -0.04815660 0.01546787 -0.14655118
v -0.04654367 0.01638625 -0.14685287
v -0.04228507 0.01955654 -0.14701376
v -0.04409527 0.01873881 -0.14685287
v -0.03763196 0.02209781 -0.14709421
v -0.03273515 0.02453843 -0.14707409
v -0.02549439 0.02682808 -0.14715454
v -0.00856446 0.02924354 -0.14709421
v -0.02308080 0.02881580 -0.14703386
v -0.02067881 0.02941967 -0.14703386
v -0.01825362 0.03069030 -0.14679252
v -0.01582843 0.03076578 -0.14683275
v -0.01340324 0.03077836 -0.14683275
v -0.00638294 0.02935677 -0.14701376
v 0.00354990 0.02655131 -0.14709421
v 0.00596349 0.02621163 -0.14693331
v 0.00783170 0.02589712 -0.14679252
v 0.00944463 0.02555745 -0.14665174
v -0.04646244 -0.04973695 -0.14445957
v -0.04568499 -0.04657925 -0.14647075
v -0.03946536 -0.05947428 -0.14212662
v -0.03034477 -0.06109716 -0.14403723
v -0.03275836 -0.06231747 -0.14266965
v -0.03518356 -0.06192748 -0.14226741
v -0.03654120 -0.06161296 -0.14194562
v 0.01080228 0.02516745 -0.14643052
v -0.01917032 -0.06386488 -0.14421824
v -0.01833485 -0.06475809 -0.14325288
v -0.02688684 -0.06157522 -0.14429869
v -0.02549439 -0.06031717 -0.14504282
v 0.01080228 0.02682808 -0.14552550
v 0.00310896 0.03548348 -0.14206629
v 0.00112471 0.03570993 -0.14230763
v -0.00130048 0.03597412 -0.14256909
v -0.00856446 0.03793668 -0.14212662
v -0.00130048 0.03803732 -0.13991435
v -0.01098965 0.03901860 -0.14061826
v -0.00372567 0.03910667 -0.13820486
v -0.00782181 0.04008795 -0.13681716
v -0.00944634 0.04017601 -0.13709871
v -0.01098965 0.04022633 -0.13725961
v -0.01340324 0.03983634 -0.13838587
v -0.01340324 0.04020117 -0.13717916
v -0.00372567 0.03480413 -0.14395679
v -0.00130048 0.03459026 -0.14377578
v 0.00112471 0.03436381 -0.14351432
v 0.00354990 0.02924354 -0.14590762
v -0.00130048 0.02963354 -0.14632997
v -0.00733445 0.03046385 -0.14669197
v 0.00280726 0.03297996 -0.14429869
v -0.00130048 -0.06537454 -0.14094004
v 0.01080228 -0.06292134 -0.13335795
v 0.01409775 -0.06132361 -0.12851105
v -0.01467965 0.04015085 -0.13699815
v -0.01628098 0.04007537 -0.13657581
v -0.01561956 0.04028923 -0.13577135
v -0.01582843 0.04085536 -0.13094455
v -0.02179278 0.04013827 -0.12961718
v -0.02308080 0.03898086 -0.13820486
v -0.02308080 0.03833926 -0.14061826
v -0.02541316 0.03806249 -0.14075903
v -0.02453127 0.03774797 -0.14186518
v -0.02615580 0.03760958 -0.14166407
v -0.02065561 0.03924505 -0.13820486
v -0.01825362 0.03948408 -0.13820486
v -0.03034477 0.03592379 -0.14218697
v -0.03707497 0.03318124 -0.14200596
v -0.02855779 0.03265286 -0.14415790
v -0.03283959 0.03157094 -0.14379589
v -0.03290921 0.03428833 -0.14246852
v -0.04002234 0.03125642 -0.14224730
v -0.04190215 0.03076578 -0.14200596
v -0.04259838 0.02944483 -0.14246852
v -0.04327140 0.02536874 -0.14413780
v -0.04439696 0.02876548 -0.14216685
v -0.04600989 0.02797291 -0.14178473
v -0.04505838 0.02943225 -0.14096016
v -0.04571980 0.03013676 -0.13820486
v -0.04451300 0.03097965 -0.13820486
v -0.04647404 0.02848871 -0.14015569
v -0.04002234 0.03445187 -0.12609765
v -0.04846990 0.02799807 -0.13691772
v -0.05321585 0.02306651 -0.13621381
v -0.05335509 0.02320489 -0.13460487
v -0.05117358 0.02590971 -0.13335795
v -0.05270528 0.02489068 -0.12851105
v -0.05804302 0.02060072 -0.11642395
v -0.06644417 0.00503862 -0.11399043
v -0.06005048 0.01517852 -0.13577135
v -0.06073511 0.01370660 -0.13820486
v -0.06164020 0.01229758 -0.13577135
v -0.06183746 0.01229758 -0.13335795
v -0.06281219 0.01049857 -0.13094455
v -0.06545785 0.00627151 -0.12016471
v -0.06624691 0.00503862 -0.11642395
v -0.05876246 0.01901558 -0.12125074
v -0.05899454 0.01687689 -0.13335795
v -0.06687351 0.00262316 -0.11883734
v -0.06724484 -0.00222034 -0.13094455
v -0.06650219 -0.00222034 -0.13820486
v -0.06560870 -0.00054713 -0.13969312
v -0.06589879 -0.00222034 -0.14013557
v -0.06621209 -0.00464838 -0.14079925
v -0.06702436 -0.00222034 -0.13335795
v -0.06678068 -0.00706384 -0.14061826
v -0.06725644 -0.02158175 -0.13820486
v -0.06739568 -0.01915371 -0.13820486
v -0.06685030 -0.00949188 -0.14061826
v -0.06682710 -0.01190734 -0.14061826
v -0.06675748 -0.01432279 -0.14061826
v -0.06661823 -0.01673825 -0.14061826
v -0.06645577 -0.01915371 -0.14061826
v -0.06614247 -0.02399721 -0.14037691
v -0.06543464 -0.02260078 -0.14182495
v -0.06523738 -0.02399721 -0.14158362
v -0.06360124 -0.02642525 -0.14252886
v -0.06102520 -0.03368421 -0.14240819
v -0.05894812 -0.03852771 -0.14272998
v -0.05771812 -0.03852771 -0.14393667
v -0.05702189 -0.04098091 -0.14311210
v -0.05626765 -0.04337121 -0.14224730
v -0.05579189 -0.04461668 -0.14184506
v -0.05354076 -0.04727118 -0.14198584
v -0.04170489 -0.05938621 -0.14005513
v -0.04006875 -0.06107200 -0.13838587
v -0.04885282 -0.05215241 -0.14200596
v -0.05120839 -0.04974953 -0.14200596
v -0.04967669 -0.05059243 -0.14238808
v -0.03872271 -0.06147458 -0.13931100
v -0.03704016 -0.06188973 -0.14061826
v -0.03779441 -0.06235521 -0.13838587
v -0.03518356 -0.06282069 -0.14061826
v -0.03296723 -0.06360068 -0.14065847
v -0.02721175 -0.06404101 -0.14198584
v -0.02549439 -0.06420455 -0.14222718
v -0.02308080 -0.06443100 -0.14254897
v -0.02065561 -0.06465745 -0.14283053
v -0.05649972 -0.03852771 -0.14458025
v -0.05364519 -0.04246541 -0.14439924
v -0.05525812 -0.04162252 -0.14397690
v -0.05810105 -0.03711869 -0.14421824
v -0.05455029 -0.03852771 -0.14534449
v -0.05455029 -0.03611225 -0.14590762
v -0.05531613 -0.03126875 -0.14649085
v -0.05559463 -0.02968361 -0.14663164
v -0.05697548 -0.03126875 -0.14574672
v -0.05681303 -0.02886587 -0.14620929
v -0.06306747 -0.02292787 -0.14429869
v -0.05738161 -0.02642525 -0.14632997
v -0.05940067 -0.02399721 -0.14574672
v -0.06181426 -0.02158175 -0.14484169
v -0.06313709 -0.01915371 -0.14431879
v -0.06313709 -0.01673825 -0.14431879
v -0.06300945 -0.01090089 -0.14425846
v -0.06141973 -0.00222034 -0.14470091
v -0.06432068 -0.01432279 -0.14333333
v -0.06573634 -0.01190734 -0.14210652
v -0.06570153 -0.00949188 -0.14204619
v -0.06564351 -0.00706384 -0.14198584
v -0.06423945 -0.00706384 -0.14309199
v -0.06111803 0.00019512 -0.14462048
v -0.05957473 0.00272381 -0.14490204
v -0.05697548 0.00503862 -0.14568639
v -0.05701029 0.00966825 -0.14464058
v -0.05319264 0.00846052 -0.14663164
v -0.05578029 0.01354305 -0.14427858
v -0.05342472 0.01599626 -0.14429869
v -0.04571980 0.01799656 -0.14653108
v -0.04136837 0.02086492 -0.14673219
v -0.04002234 0.02128007 -0.14689309
v -0.04489593 0.01955654 -0.14616906
v -0.04500036 0.02450069 -0.14389645
v -0.04428093 0.02375844 -0.14449980
v -0.04298130 0.02036169 -0.14649085
v -0.03518356 0.02385908 -0.14699365
v -0.01098965 0.03074062 -0.14681264
v -0.02549439 0.02831258 -0.14681264
v -0.02150268 0.03033805 -0.14663164
v -0.01988976 0.03057708 -0.14675231
v -0.01582843 0.03408704 -0.14512326
v -0.01582843 0.03197352 -0.14622941
v -0.01340324 0.03408704 -0.14516348
v -0.00372567 0.02875290 -0.14699365
v -0.00856446 0.03057708 -0.14675231
v -0.04806376 -0.04898212 -0.14403723
v -0.04968830 -0.04574893 -0.14482159
v -0.01098965 0.03669121 -0.14357467
v -0.01098965 0.03813796 -0.14234786
v -0.01340324 0.03821345 -0.14246852
v -0.01340324 0.03911925 -0.14061826
v -0.01098965 0.03981118 -0.13846630
v -0.00861087 0.03973569 -0.13802385
v -0.01582843 0.03896828 -0.14061826
v -0.01561956 0.03978601 -0.13796352
v 0.00112471 0.03314350 -0.14439924
v -0.00953917 0.03534509 -0.14429869
v -0.00372567 0.03359640 -0.14466070
v -0.01825362 0.03876699 -0.14061826
v -0.02541316 0.03669121 -0.14242831
v -0.02791958 0.03622573 -0.14238808
v -0.02065561 0.03794926 -0.14210652
v -0.01582843 0.03669121 -0.14359478
v -0.01814919 0.03630121 -0.14357467
v -0.01726730 0.03534509 -0.14429869
v -0.02549439 0.03441413 -0.14377578
v -0.02549439 0.03320641 -0.14443947
v -0.02781515 0.03391092 -0.14367523
v -0.03777120 0.03187287 -0.14248864
v -0.02695647 0.03297996 -0.14429869
v -0.02549439 0.02953289 -0.14624952
v -0.03034477 0.02730614 -0.14635007
v -0.03034477 0.02924354 -0.14542494
v -0.03353582 0.02543165 -0.14659141
v -0.03370987 0.03035063 -0.14419813
v -0.03518356 0.03167158 -0.14321266
v -0.03861828 0.02794775 -0.14421824
v -0.04002234 0.02924354 -0.14323278
v -0.04002234 0.02635002 -0.14462048
v -0.04165847 0.02588454 -0.14437914
v -0.04835386 0.02548197 -0.14164395
v -0.05828671 0.01603400 -0.13955234
v -0.05503764 0.01515336 -0.14383611
v -0.05611680 0.01628561 -0.14222718
v -0.04694980 0.02892903 -0.13820486
v -0.05082547 0.02551970 -0.13665626
v -0.05854199 0.01633593 -0.13820486
v -0.05883208 0.01668818 -0.13577135
v -0.05778774 0.01789591 -0.13577135
v -0.05552500 0.02050008 -0.13577135
v -0.05412094 0.02214813 -0.13557023
v -0.05788057 0.02042460 -0.11883734
v -0.06128049 0.01229758 -0.13820486
v -0.05976039 0.01491433 -0.13820486
v -0.06060747 0.01351789 -0.13941155
v -0.06261492 0.00966825 -0.13565068
v -0.06269615 0.01014631 -0.13335795
v -0.06282379 0.00814601 -0.13820486
v -0.06296304 0.00847311 -0.13637469
v -0.06636295 0.00262316 -0.12368425
v -0.06602644 0.00503862 -0.11883734
v -0.06305586 0.00872472 -0.13476576
v -0.06335756 0.00759247 -0.13565068
v -0.06575955 -0.00011939 -0.13820486
v -0.06313709 0.00654829 -0.13957246
v -0.06507493 -0.00222034 -0.14136238
v -0.06535342 -0.00384322 -0.14172440
v -0.06555067 -0.00545353 -0.14192551
v -0.06572474 -0.01432279 -0.14212662
v -0.06565511 -0.01673825 -0.14208640
v -0.06556228 -0.01915371 -0.14198584
v -0.06549266 -0.02097789 -0.14190541
v -0.06611927 -0.02170756 -0.14085960
v -0.06454115 -0.02170756 -0.14285064
v -0.06384492 -0.02384625 -0.14317243
v -0.06276577 -0.02453818 -0.14407745
v -0.06036379 -0.03126875 -0.14407745
v -0.05207868 -0.04574893 -0.14357467
v -0.04968830 -0.04818955 -0.14359478
v -0.06059586 -0.03003586 -0.14425846
v -0.05697548 -0.03368421 -0.14532439
v -0.06311389 -0.02158175 -0.14429869
v -0.06276577 -0.00464838 -0.14409757
v -0.06262652 -0.00222034 -0.14391657
v -0.06080473 0.00199414 -0.14441935
v -0.05820548 0.00872472 -0.14427858
v -0.05783416 0.01033502 -0.14401712
v -0.05733520 0.01229758 -0.14365511
v -0.05836793 0.01376950 -0.14206629
v -0.05675500 0.01446143 -0.14295121
v -0.05213669 0.01658754 -0.14456013
v -0.03846743 0.02297844 -0.14659141
v -0.03684290 0.02345650 -0.14679252
v -0.04678735 0.02141846 -0.14456013
v -0.03772478 0.02701679 -0.14488192
v -0.03518356 0.02506681 -0.14641040
v -0.01340324 0.03558412 -0.14439924
v -0.01098965 0.03408704 -0.14508303
v -0.02308080 0.03350834 -0.14464058
v -0.01886862 0.03518155 -0.14419813
v -0.01582843 0.03548348 -0.14433891
v -0.01098965 0.03547090 -0.14433891
v -0.01340324 0.03679185 -0.14367523
v -0.01582843 0.03816313 -0.14238808
v -0.01825362 0.03806249 -0.14224730
v -0.02308080 0.03472865 -0.14391657
v -0.05772973 0.01539239 -0.14118138
v -0.05868123 0.01229758 -0.14244841
v -0.05989963 0.01229758 -0.14091993
v -0.06326473 0.00692570 -0.13820486
v -0.06050303 0.00361702 -0.14417801
f 1 2 10
f 1 10 3
f 1 3 12
f 1 12 4
f 1 4 5
f 1 5 6
f 1 6 7
f 1 7 8
f 1 8 9
f 1 9 2
f 2 9 10
f 3 10 25
f 3 25 11
f 3 11 12
f 4 12 13
f 4 13 14
f 4 14 5
f 5 15 16
f 5 16 17
f 5 17 6
f 5 14 13
f 5 13 18
f 5 18 15
f 6 19 7
f 6 17 19
f 7 19 20
f 7 20 21
f 7 21 8
f 8 21 9
f 9 22 23
f 9 23 10
f 9 21 24
f 9 24 22
f 10 23 25
f 11 25 71
f 11 71 231
f 11 231 359
f 11 359 358
f 11 358 357
f 11 357 356
f 11 356 355
f 11 355 152
f 11 152 26
f 11 26 27
f 11 27 28
f 11 28 29
f 11 29 30
f 11 30 31
f 11 31 32
f 11 32 33
f 11 33 34
f 11 34 35
f 11 35 36
f 11 36 37
f 11 37 38
f 11 38 39
f 11 39 40
f 11 40 41
f 11 41 42
f 11 42 43
f 11 43 44
f 11 44 45
f 11 45 46
f 11 46 47
f 11 47 48
f 11 48 49
f 11 49 50
f 11 50 51
f 11 51 52
f 11 52 53
f 11 53 54
f 11 54 55
f 11 55 56
f 11 56 57
f 11 57 58
f 11 58 59
f 11 59 13
f 11 13 12
f 13 59 18
f 15 18 16
f 16 18 17
f 17 60 198
f 17 198 61
f 17 61 19
f 17 18 60
f 18 59 58
f 18 58 57
f 18 57 60
f 19 61 62
f 19 62 20
f 20 63 21
f 20 62 63
f 21 63 64
f 21 64 203
f 21 203 65
f 21 65 24
f 22 66 23
f 22 24 67
f 22 67 66
f 23 66 68
f 23 68 25
f 24 65 67
f 25 69 70
f 25 70 71
f 25 68 72
f 25 72 73
f 25 73 74
f 25 74 75
f 25 75 76
f 25 76 77
f 25 77 78
f 25 78 79
f 25 79 80
f 25 80 81
f 25 81 82
f 25 82 83
f 25 83 84
f 25 84 85
f 25 85 86
f 25 86 87
f 25 87 88
f 25 88 89
f 25 89 90
f 25 90 91
f 25 91 92
f 25 92 93
f 25 93 94
f 25 94 95
f 25 95 96
f 25 96 97
f 25 97 98
f 25 98 99
f 25 99 100
f 25 100 69
f 26 101 102
f 26 102 103
f 26 103 104
f 26 104 105
f 26 105 106
f 26 106 107
f 26 107 108
f 26 108 109
f 26 109 110
f 26 110 111
f 26 111 112
f 26 112 113
f 26 113 114
f 26 114 115
f 26 115 116
f 26 116 117
f 26 117 118
f 26 118 119
f 26 119 120
f 26 120 121
f 26 121 122
f 26 122 123
f 26 123 124
f 26 124 125
f 26 125 126
f 26 126 127
f 26 127 128
f 26 128 129
f 26 129 130
f 26 130 131
f 26 131 132
f 26 132 133
f 26 133 134
f 26 134 135
f 26 135 136
f 26 136 137
f 26 137 138
f 26 138 139
f 26 139 140
f 26 140 141
f 26 141 142
f 26 142 143
f 26 143 144
f 26 144 145
f 26 145 146
f 26 146 147
f 26 147 148
f 26 148 149
f 26 149 150
f 26 150 151
f 26 151 27
f 26 152 153
f 26 153 101
f 27 154 28
f 27 151 155
f 27 155 154
f 28 154 156
f 28 156 157
f 28 157 158
f 28 158 159
f 28 159 29
f 29 159 160
f 29 160 30
f 30 160 161
f 30 161 31
f 31 161 32
f 32 161 162
f 32 162 163
f 32 163 33
f 33 163 34
f 34 163 164
f 34 164 165
f 34 165 166
f 34 166 167
f 34 167 35
f 35 167 168
f 35 168 36
f 36 168 37
f 37 168 169
f 37 169 38
f 38 169 170
f 38 170 171
f 38 171 172
f 38 172 39
f 39 172 171
f 39 171 40
f 40 171 173
f 40 173 174
f 40 174 41
f 41 174 175
f 41 175 42
f 42 175 176
f 42 176 43
f 43 176 44
f 44 176 177
f 44 177 178
f 44 178 179
f 44 179 180
f 44 180 45
f 45 180 46
f 46 181 47
f 46 180 182
f 46 182 183
f 46 183 181
f 47 181 184
f 47 184 48
f 48 184 49
f 49 185 50
f 49 184 186
f 49 186 185
f 50 185 51
f 51 187 188
f 51 188 189
f 51 189 52
f 51 185 190
f 51 190 191
f 51 191 192
f 51 192 193
f 51 193 187
f 52 189 188
f 52 188 53
f 53 188 194
f 53 194 195
f 53 195 54
f 54 196 55
f 54 195 196
f 55 196 56
f 56 196 197
f 56 197 57
f 57 197 60
f 60 197 198
f 61 198 199
f 61 199 200
f 61 200 62
f 62 200 201
f 62 201 202
f 62 202 63
f 63 202 64
f 64 202 204
f 64 204 205
f 64 205 203
f 65 203 206
f 65 206 207
f 65 207 67
f 66 72 68
f 66 67 208
f 66 208 72
f 67 207 209
f 67 209 208
f 69 100 210
f 69 210 211
f 69 211 212
f 69 212 213
f 69 213 214
f 69 214 215
f 69 215 216
f 69 216 217
f 69 217 218
f 69 218 219
f 69 219 220
f 69 220 221
f 69 221 222
f 69 222 223
f 69 223 224
f 69 224 225
f 69 225 226
f 69 226 227
f 69 227 228
f 69 228 229
f 69 229 70
f 70 230 153
f 70 153 231
f 70 231 71
f 70 229 232
f 70 232 233
f 70 233 234
f 70 234 235
f 70 235 236
f 70 236 237
f 70 237 238
f 70 238 239
f 70 239 240
f 70 240 241
f 70 241 242
f 70 242 243
f 70 243 230
f 72 208 244
f 72 244 245
f 72 245 73
f 73 245 246
f 73 246 74
f 74 246 247
f 74 247 75
f 75 247 76
f 76 247 248
f 76 248 249
f 76 249 77
f 77 249 250
f 77 250 78
f 78 250 79
f 79 250 251
f 79 251 80
f 80 251 252
f 80 252 81
f 81 252 253
f 81 253 254
f 81 254 82
f 82 254 255
f 82 255 256
f 82 256 84
f 82 84 83
f 84 256 257
f 84 257 85
f 85 257 258
f 85 258 86
f 86 258 87
f 87 258 259
f 87 259 88
f 88 259 260
f 88 260 261
f 88 261 89
f 89 261 260
f 89 260 262
f 89 262 90
f 90 262 263
f 90 263 91
f 91 263 92
f 92 263 93
f 93 263 264
f 93 264 94
f 94 264 95
f 95 264 265
f 95 265 96
f 96 265 266
f 96 266 97
f 97 266 98
f 98 266 99
f 99 266 100
f 100 267 268
f 100 268 210
f 100 266 267
f 101 269 102
f 101 153 269
f 102 269 103
f 103 269 153
f 103 153 104
f 104 270 105
f 104 153 270
f 105 270 271
f 105 271 106
f 106 271 107
f 107 272 108
f 107 271 153
f 107 153 230
f 107 230 272
f 108 272 273
f 108 273 274
f 108 274 275
f 108 275 276
f 108 276 109
f 109 277 110
f 109 276 277
f 110 277 278
f 110 278 279
f 110 279 111
f 111 279 280
f 111 280 112
f 112 280 281
f 112 281 113
f 113 281 282
f 113 282 114
f 114 282 283
f 114 283 115
f 115 283 284
f 115 284 285
f 115 285 286
f 115 286 116
f 116 287 117
f 116 286 288
f 116 288 289
f 116 289 290
f 116 290 287
f 117 287 118
f 118 287 291
f 118 291 119
f 119 291 120
f 120 291 292
f 120 292 293
f 120 293 294
f 120 294 121
f 121 294 293
f 121 293 295
f 121 295 296
f 121 296 297
f 121 297 122
f 122 297 298
f 122 298 299
f 122 299 300
f 122 300 123
f 123 300 124
f 124 301 125
f 124 300 302
f 124 302 301
f 125 303 126
f 125 301 304
f 125 304 303
f 126 303 127
f 127 303 305
f 127 305 306
f 127 306 128
f 128 306 307
f 128 307 129
f 129 307 130
f 130 307 308
f 130 308 131
f 131 309 132
f 131 308 310
f 131 310 311
f 131 311 312
f 131 312 313
f 131 313 314
f 131 314 315
f 131 315 316
f 131 316 317
f 131 317 318
f 131 318 309
f 132 319 133
f 132 309 320
f 132 320 319
f 133 319 134
f 134 319 321
f 134 321 322
f 134 322 323
f 134 323 135
f 135 323 136
f 136 323 324
f 136 324 325
f 136 325 326
f 136 326 327
f 136 327 137
f 137 327 326
f 137 326 328
f 137 328 138
f 138 328 139
f 139 328 329
f 139 329 330
f 139 330 331
f 139 331 332
f 139 332 140
f 140 333 334
f 140 334 141
f 140 332 335
f 140 335 336
f 140 336 337
f 140 337 333
f 141 334 338
f 141 338 142
f 142 338 143
f 143 338 339
f 143 339 144
f 144 340 145
f 144 339 341
f 144 341 342
f 144 342 343
f 144 343 340
f 145 340 146
f 146 344 147
f 146 340 345
f 146 345 346
f 146 346 344
f 147 344 347
f 147 347 348
f 147 348 349
f 147 349 148
f 148 349 149
f 149 349 350
f 149 350 150
f 150 350 351
f 150 351 352
f 150 352 353
f 150 353 151
f 151 353 354
f 151 354 155
f 152 355 153
f 153 271 270
f 153 355 356
f 153 356 357
f 153 357 358
f 153 358 359
f 153 359 231
f 154 155 360
f 154 360 156
f 155 361 362
f 155 362 156
f 155 156 360
f 155 354 361
f 156 362 363
f 156 363 364
f 156 364 365
f 156 365 157
f 157 365 366
f 157 366 158
f 158 366 160
f 158 160 159
f 160 366 162
f 160 162 161
f 162 367 163
f 162 366 368
f 162 368 369
f 162 369 370
f 162 370 371
f 162 371 372
f 162 372 367
f 163 367 372
f 163 372 164
f 164 372 373
f 164 373 165
f 165 373 374
f 165 374 375
f 165 375 166
f 166 375 376
f 166 376 167
f 167 376 168
f 168 376 169
f 169 376 170
f 170 376 377
f 170 377 171
f 171 377 378
f 171 378 173
f 173 378 379
f 173 379 174
f 174 177 176
f 174 176 175
f 174 379 380
f 174 380 381
f 174 381 382
f 174 382 383
f 174 383 177
f 177 383 381
f 177 381 384
f 177 384 178
f 178 384 385
f 178 385 386
f 178 386 179
f 179 386 180
f 180 387 388
f 180 388 389
f 180 389 182
f 180 386 387
f 181 183 184
f 182 389 388
f 182 388 390
f 182 390 391
f 182 391 392
f 182 392 183
f 183 392 391
f 183 391 390
f 183 390 393
f 183 393 394
f 183 394 395
f 183 395 396
f 183 396 184
f 184 396 186
f 185 186 190
f 186 396 397
f 186 397 398
f 186 398 399
f 186 399 400
f 186 400 190
f 187 401 402
f 187 402 403
f 187 403 188
f 187 193 401
f 188 403 402
f 188 402 195
f 188 195 194
f 190 400 404
f 190 404 405
f 190 405 406
f 190 406 191
f 191 406 407
f 191 407 408
f 191 408 409
f 191 409 192
f 192 409 410
f 192 410 411
f 192 411 401
f 192 401 193
f 195 402 196
f 196 412 197
f 196 402 413
f 196 413 414
f 196 414 412
f 197 412 414
f 197 414 415
f 197 415 416
f 197 416 417
f 197 417 418
f 197 418 419
f 197 419 198
f 198 419 420
f 198 420 199
f 199 420 421
f 199 421 422
f 199 422 423
f 199 423 424
f 199 424 425
f 199 425 200
f 200 425 426
f 200 426 427
f 200 427 428
f 200 428 429
f 200 429 430
f 200 430 431
f 200 431 432
f 200 432 201
f 201 432 202
f 202 432 431
f 202 431 433
f 202 433 434
f 202 434 204
f 203 205 435
f 203 435 436
f 203 436 206
f 204 434 437
f 204 437 205
f 205 437 438
f 205 438 435
f 206 436 439
f 206 439 440
f 206 440 441
f 206 441 442
f 206 442 207
f 207 442 209
f 208 209 244
f 209 442 443
f 209 443 444
f 209 444 445
f 209 445 244
f 210 268 446
f 210 446 211
f 211 446 447
f 211 447 212
f 212 447 213
f 213 447 448
f 213 448 214
f 214 448 215
f 215 448 216
f 216 448 217
f 217 448 449
f 217 449 450
f 217 450 218
f 218 450 451
f 218 451 219
f 219 451 220
f 220 452 221
f 220 451 452
f 221 452 451
f 221 451 453
f 221 453 222
f 222 453 223
f 223 453 454
f 223 454 455
f 223 455 456
f 223 456 224
f 224 456 457
f 224 457 225
f 225 457 226
f 226 457 227
f 227 457 228
f 228 458 459
f 228 459 460
f 228 460 229
f 228 457 461
f 228 461 458
f 229 460 462
f 229 462 463
f 229 463 464
f 229 464 232
f 230 465 466
f 230 466 467
f 230 467 274
f 230 274 273
f 230 273 272
f 230 243 468
f 230 468 469
f 230 469 470
f 230 470 471
f 230 471 472
f 230 472 465
f 232 464 473
f 232 473 233
f 233 473 234
f 234 473 474
f 234 474 235
f 235 474 475
f 235 475 236
f 236 476 237
f 236 475 476
f 237 476 475
f 237 475 477
f 237 477 238
f 238 477 239
f 239 478 240
f 239 477 478
f 240 478 479
f 240 479 241
f 241 479 480
f 241 480 242
f 242 480 481
f 242 481 482
f 242 482 483
f 242 483 243
f 243 483 707
f 243 707 468
f 244 445 245
f 245 445 444
f 245 444 484
f 245 484 485
f 245 485 246
f 246 485 486
f 246 486 487
f 246 487 488
f 246 488 489
f 246 489 490
f 246 490 247
f 247 490 489
f 247 489 491
f 247 491 492
f 247 492 493
f 247 493 494
f 247 494 248
f 248 494 495
f 248 495 249
f 249 495 496
f 249 496 497
f 249 497 498
f 249 498 250
f 250 498 251
f 251 498 253
f 251 253 252
f 253 255 254
f 253 498 499
f 253 499 255
f 255 499 256
f 256 499 257
f 257 499 500
f 257 500 501
f 257 501 502
f 257 502 503
f 257 503 504
f 257 504 259
f 257 259 505
f 257 505 258
f 258 505 259
f 259 504 506
f 259 506 262
f 259 262 260
f 262 507 263
f 262 506 507
f 263 507 508
f 263 508 509
f 263 509 510
f 263 510 511
f 263 511 512
f 263 512 265
f 263 265 264
f 265 512 266
f 266 512 513
f 266 513 267
f 267 513 514
f 267 514 268
f 268 514 515
f 268 515 446
f 274 467 465
f 274 465 275
f 275 465 472
f 275 472 516
f 275 516 276
f 276 516 517
f 276 517 518
f 276 518 519
f 276 519 277
f 277 519 520
f 277 520 521
f 277 521 522
f 277 522 278
f 278 523 279
f 278 522 521
f 278 521 523
f 279 523 524
f 279 524 280
f 280 524 281
f 281 524 525
f 281 525 526
f 281 526 527
f 281 527 282
f 282 527 528
f 282 528 529
f 282 529 530
f 282 530 531
f 282 531 532
f 282 532 533
f 282 533 283
f 283 533 284
f 284 533 288
f 284 288 285
f 285 288 286
f 287 290 534
f 287 534 291
f 288 533 535
f 288 535 536
f 288 536 537
f 288 537 538
f 288 538 539
f 288 539 289
f 289 539 293
f 289 293 292
f 289 292 290
f 290 292 534
f 291 534 292
f 293 539 295
f 295 539 538
f 295 538 540
f 295 540 296
f 296 540 537
f 296 537 298
f 296 298 297
f 298 537 541
f 298 541 542
f 298 542 543
f 298 543 544
f 298 544 545
f 298 545 299
f 299 545 543
f 299 543 546
f 299 546 300
f 300 546 547
f 300 547 302
f 301 548 304
f 301 302 549
f 301 549 548
f 302 547 550
f 302 550 551
f 302 551 552
f 302 552 553
f 302 553 549
f 303 554 555
f 303 555 305
f 303 304 554
f 304 548 556
f 304 556 554
f 305 310 306
f 305 555 310
f 306 310 308
f 306 308 307
f 309 318 320
f 310 555 311
f 311 555 312
f 312 555 557
f 312 557 313
f 313 557 558
f 313 558 559
f 313 559 560
f 313 560 561
f 313 561 562
f 313 562 563
f 313 563 564
f 313 564 565
f 313 565 314
f 314 565 566
f 314 566 567
f 314 567 315
f 315 567 568
f 315 568 569
f 315 569 316
f 316 569 318
f 316 318 317
f 318 569 572
f 318 572 570
f 318 570 320
f 319 320 570
f 319 570 321
f 321 571 322
f 321 570 572
f 321 572 571
f 322 571 573
f 322 573 574
f 322 574 323
f 323 574 324
f 324 574 803
f 324 803 575
f 324 575 326
f 324 326 325
f 326 575 576
f 326 576 577
f 326 577 328
f 328 577 578
f 328 578 329
f 329 578 330
f 330 578 579
f 330 579 331
f 331 580 335
f 331 335 332
f 331 579 581
f 331 581 582
f 331 582 580
f 333 583 334
f 333 337 584
f 333 584 583
f 334 585 338
f 334 583 585
f 335 580 586
f 335 586 582
f 335 582 587
f 335 587 588
f 335 588 336
f 336 589 337
f 336 588 587
f 336 587 590
f 336 590 589
f 337 589 591
f 337 591 592
f 337 592 593
f 337 593 584
f 338 585 584
f 338 584 594
f 338 594 595
f 338 595 339
f 339 595 594
f 339 594 343
f 339 343 341
f 340 596 345
f 340 343 584
f 340 584 597
f 340 597 598
f 340 598 596
f 341 343 342
f 343 594 584
f 344 346 599
f 344 599 347
f 345 596 598
f 345 598 346
f 346 600 599
f 346 598 601
f 346 601 600
f 347 599 600
f 347 600 602
f 347 602 603
f 347 603 604
f 347 604 605
f 347 605 352
f 347 352 351
f 347 351 348
f 348 351 350
f 348 350 349
f 352 605 606
f 352 606 607
f 352 607 353
f 353 607 354
f 354 607 606
f 354 606 608
f 354 608 609
f 354 609 361
f 361 363 362
f 361 609 610
f 361 610 611
f 361 611 363
f 363 611 612
f 363 612 364
f 364 613 614
f 364 614 366
f 364 366 615
f 364 615 365
f 364 612 616
f 364 616 613
f 365 615 366
f 366 614 617
f 366 617 368
f 368 617 369
f 369 618 619
f 369 619 371
f 369 371 370
f 369 617 614
f 369 614 618
f 371 619 620
f 371 620 372
f 372 620 373
f 373 620 374
f 374 621 622
f 374 622 623
f 374 623 624
f 374 624 378
f 374 378 375
f 374 620 621
f 375 377 376
f 375 378 377
f 378 624 379
f 379 624 625
f 379 625 626
f 379 626 380
f 380 384 381
f 380 626 627
f 380 627 384
f 381 383 382
f 384 627 628
f 384 628 385
f 385 628 629
f 385 629 630
f 385 630 631
f 385 631 386
f 386 631 387
f 387 631 388
f 388 631 632
f 388 632 633
f 388 633 634
f 388 634 635
f 388 635 636
f 388 636 390
f 390 637 393
f 390 636 635
f 390 635 637
f 393 637 394
f 394 637 635
f 394 635 638
f 394 638 639
f 394 639 395
f 395 639 396
f 396 639 397
f 397 639 398
f 398 639 638
f 398 638 640
f 398 640 641
f 398 641 399
f 399 642 643
f 399 643 644
f 399 644 645
f 399 645 400
f 399 641 646
f 399 646 647
f 399 647 642
f 400 645 404
f 401 415 414
f 401 414 402
f 401 411 648
f 401 648 416
f 401 416 415
f 402 414 413
f 404 645 649
f 404 649 407
f 404 407 406
f 404 406 650
f 404 650 405
f 405 650 406
f 407 649 651
f 407 651 652
f 407 652 653
f 407 653 654
f 407 654 408
f 408 654 653
f 408 653 655
f 408 655 410
f 408 410 409
f 410 655 653
f 410 653 656
f 410 656 648
f 410 648 411
f 416 648 657
f 416 657 658
f 416 658 417
f 417 658 659
f 417 659 660
f 417 660 418
f 418 660 661
f 418 661 419
f 419 661 420
f 420 661 662
f 420 662 421
f 421 662 422
f 422 662 663
f 422 663 423
f 423 663 424
f 424 663 664
f 424 664 425
f 425 664 665
f 425 665 666
f 425 666 426
f 426 666 427
f 427 666 667
f 427 667 668
f 427 668 428
f 428 668 669
f 428 669 430
f 428 430 429
f 430 669 670
f 430 670 671
f 430 671 672
f 430 672 673
f 430 673 674
f 430 674 675
f 430 675 676
f 430 676 431
f 431 676 433
f 433 676 434
f 434 676 437
f 435 438 677
f 435 677 439
f 435 439 436
f 437 676 675
f 437 675 674
f 437 674 678
f 437 678 679
f 437 679 680
f 437 680 677
f 437 677 438
f 439 681 440
f 439 677 682
f 439 682 683
f 439 683 684
f 439 684 681
f 440 681 441
f 441 681 443
f 441 443 442
f 443 685 686
f 443 686 484
f 443 484 444
f 443 681 684
f 443 684 685
f 446 515 687
f 446 687 447
f 447 687 688
f 447 688 448
f 448 689 449
f 448 688 690
f 448 690 689
f 449 691 451
f 449 451 450
f 449 689 692
f 449 692 691
f 451 693 453
f 451 691 693
f 453 694 695
f 453 695 454
f 453 693 696
f 453 696 697
f 453 697 698
f 453 698 694
f 454 695 699
f 454 699 455
f 455 699 456
f 456 699 700
f 456 700 461
f 456 461 457
f 458 701 459
f 458 461 702
f 458 702 701
f 459 701 460
f 460 701 703
f 460 703 463
f 460 463 462
f 461 700 702
f 463 704 475
f 463 475 464
f 463 703 705
f 463 705 706
f 463 706 704
f 464 475 473
f 465 467 466
f 468 707 708
f 468 708 469
f 469 708 709
f 469 709 470
f 470 709 710
f 470 710 711
f 470 711 712
f 470 712 713
f 470 713 714
f 470 714 471
f 471 714 715
f 471 715 472
f 472 715 714
f 472 714 716
f 472 716 516
f 473 475 474
f 475 704 717
f 475 717 718
f 475 718 719
f 475 719 477
f 477 719 479
f 477 479 478
f 479 720 480
f 479 719 720
f 480 720 481
f 481 720 719
f 481 719 721
f 481 721 482
f 482 721 483
f 483 721 722
f 483 722 707
f 484 686 485
f 485 686 685
f 485 685 723
f 485 723 724
f 485 724 725
f 485 725 726
f 485 726 727
f 485 727 728
f 485 728 729
f 485 729 730
f 485 730 486
f 486 731 487
f 486 730 731
f 487 731 732
f 487 732 488
f 488 732 489
f 489 732 491
f 491 733 492
f 491 732 733
f 492 733 493
f 493 733 494
f 494 733 734
f 494 734 735
f 494 735 496
f 494 496 495
f 496 735 736
f 496 736 497
f 497 736 499
f 497 499 498
f 499 736 735
f 499 735 500
f 500 735 737
f 500 737 501
f 501 732 731
f 501 731 738
f 501 738 739
f 501 739 740
f 501 740 502
f 501 737 741
f 501 741 732
f 502 742 503
f 502 740 742
f 503 742 743
f 503 743 744
f 503 744 506
f 503 506 504
f 506 744 745
f 506 745 746
f 506 746 747
f 506 747 507
f 507 747 508
f 508 747 509
f 509 511 510
f 509 747 511
f 511 748 749
f 511 749 512
f 511 747 750
f 511 750 746
f 511 746 745
f 511 745 748
f 512 749 751
f 512 751 513
f 513 752 514
f 513 751 752
f 514 752 753
f 514 753 754
f 514 754 755
f 514 755 756
f 514 756 687
f 514 687 515
f 516 530 757
f 516 757 518
f 516 518 517
f 516 716 758
f 516 758 759
f 516 759 760
f 516 760 761
f 516 761 762
f 516 762 530
f 518 757 519
f 519 757 520
f 520 757 530
f 520 530 529
f 520 529 526
f 520 526 525
f 520 525 521
f 521 525 524
f 521 524 763
f 521 763 523
f 523 763 524
f 526 529 528
f 526 528 527
f 530 532 531
f 530 762 532
f 532 762 533
f 533 762 764
f 533 764 535
f 535 764 765
f 535 765 536
f 536 765 766
f 536 766 537
f 537 540 538
f 537 766 767
f 537 767 768
f 537 768 769
f 537 769 542
f 537 542 541
f 542 769 770
f 542 770 543
f 543 770 768
f 543 768 771
f 543 771 546
f 543 545 544
f 546 771 772
f 546 772 773
f 546 773 547
f 547 774 775
f 547 775 550
f 547 773 776
f 547 776 774
f 548 777 556
f 548 549 777
f 549 553 777
f 550 775 551
f 551 778 779
f 551 779 780
f 551 780 552
f 551 775 781
f 551 781 778
f 552 780 553
f 553 782 783
f 553 783 777
f 553 780 782
f 554 556 784
f 554 784 555
f 555 784 556
f 555 556 557
f 556 777 557
f 557 777 558
f 558 777 559
f 559 777 560
f 560 777 561
f 561 782 562
f 561 777 783
f 561 783 782
f 562 782 563
f 563 785 786
f 563 786 564
f 563 782 787
f 563 787 780
f 563 780 788
f 563 788 789
f 563 789 790
f 563 790 791
f 563 791 792
f 563 792 785
f 564 786 793
f 564 793 794
f 564 794 565
f 565 794 566
f 566 794 568
f 566 568 567
f 568 795 796
f 568 796 572
f 568 572 569
f 568 794 797
f 568 797 795
f 571 572 798
f 571 798 799
f 571 799 573
f 572 796 800
f 572 800 798
f 573 799 801
f 573 801 802
f 573 802 574
f 574 802 803
f 575 803 577
f 575 577 576
f 577 803 578
f 578 803 802
f 578 802 579
f 579 802 581
f 580 582 586
f 581 801 804
f 581 804 590
f 581 590 587
f 581 587 582
f 581 802 801
f 583 584 585
f 584 593 805
f 584 805 806
f 584 806 807
f 584 807 808
f 584 808 809
f 584 809 810
f 584 810 811
f 584 811 812
f 584 812 813
f 584 813 597
f 589 590 591
f 590 804 814
f 590 814 815
f 590 815 591
f 591 815 816
f 591 816 593
f 591 593 592
f 593 816 817
f 593 817 805
f 597 813 818
f 597 818 598
f 598 818 819
f 598 819 820
f 598 820 601
f 600 601 602
f 601 820 821
f 601 821 602
f 602 821 603
f 603 821 822
f 603 822 823
f 603 823 824
f 603 824 825
f 603 825 605
f 603 605 604
f 605 608 606
f 605 825 826
f 605 826 610
f 605 610 608
f 608 610 609
f 610 826 827
f 610 827 828
f 610 828 611
f 611 828 829
f 611 829 612
f 612 829 830
f 612 830 616
f 613 616 831
f 613 831 618
f 613 618 614
f 616 830 832
f 616 832 833
f 616 833 831
f 618 831 619
f 619 831 834
f 619 834 835
f 619 835 620
f 620 835 836
f 620 836 837
f 620 837 622
f 620 622 621
f 622 837 838
f 622 838 839
f 622 839 840
f 622 840 623
f 623 840 841
f 623 841 624
f 624 841 842
f 624 842 625
f 625 842 841
f 625 841 626
f 626 841 843
f 626 843 627
f 627 844 628
f 627 843 844
f 628 844 845
f 628 845 846
f 628 846 847
f 628 847 629
f 629 847 630
f 630 847 848
f 630 848 849
f 630 849 850
f 630 850 851
f 630 851 852
f 630 852 631
f 631 852 632
f 632 852 851
f 632 851 853
f 632 853 633
f 633 854 855
f 633 855 856
f 633 856 857
f 633 857 858
f 633 858 859
f 633 859 860
f 633 860 861
f 633 861 862
f 633 862 863
f 633 863 864
f 633 864 865
f 633 865 866
f 633 866 867
f 633 867 868
f 633 868 634
f 633 853 851
f 633 851 850
f 633 850 869
f 633 869 870
f 633 870 854
f 634 868 871
f 634 871 635
f 635 871 872
f 635 872 640
f 635 640 638
f 640 872 873
f 640 873 874
f 640 874 641
f 641 874 646
f 642 647 875
f 642 875 876
f 642 876 643
f 643 876 877
f 643 877 878
f 643 878 879
f 643 879 644
f 644 879 645
f 645 879 880
f 645 880 881
f 645 881 649
f 646 874 882
f 646 882 647
f 647 883 884
f 647 884 875
f 647 882 885
f 647 885 886
f 647 886 883
f 648 656 659
f 648 659 887
f 648 887 658
f 648 658 657
f 649 881 888
f 649 888 651
f 651 888 889
f 651 889 890
f 651 890 891
f 651 891 652
f 652 891 890
f 652 890 889
f 652 889 892
f 652 892 893
f 652 893 894
f 652 894 653
f 653 894 656
f 656 894 659
f 658 887 659
f 659 894 895
f 659 895 896
f 659 896 663
f 659 663 897
f 659 897 898
f 659 898 660
f 660 662 661
f 660 898 897
f 660 897 663
f 660 663 662
f 663 899 664
f 663 896 899
f 664 899 665
f 665 899 900
f 665 900 901
f 665 901 902
f 665 902 666
f 666 902 903
f 666 903 668
f 666 668 667
f 668 903 904
f 668 904 905
f 668 905 669
f 669 906 670
f 669 905 906
f 670 906 907
f 670 907 908
f 670 908 671
f 671 908 909
f 671 909 910
f 671 910 911
f 671 911 912
f 671 912 672
f 672 912 913
f 672 913 914
f 672 914 915
f 672 915 916
f 672 916 917
f 672 917 918
f 672 918 919
f 672 919 920
f 672 920 673
f 673 920 921
f 673 921 922
f 673 922 923
f 673 923 674
f 674 923 924
f 674 924 678
f 677 680 925
f 677 925 682
f 678 924 926
f 678 926 927
f 678 927 679
f 679 927 925
f 679 925 680
f 682 925 928
f 682 928 683
f 683 928 929
f 683 929 930
f 683 930 684
f 684 931 685
f 684 930 929
f 684 929 932
f 684 932 933
f 684 933 934
f 684 934 931
f 685 931 934
f 685 934 935
f 685 935 936
f 685 936 937
f 685 937 938
f 685 938 724
f 685 724 723
f 687 939 690
f 687 690 688
f 687 756 755
f 687 755 939
f 689 690 692
f 690 939 940
f 690 940 692
f 691 692 941
f 691 941 942
f 691 942 943
f 691 943 944
f 691 944 693
f 692 945 941
f 692 940 945
f 693 944 946
f 693 946 947
f 693 947 948
f 693 948 696
f 694 949 950
f 694 950 951
f 694 951 952
f 694 952 953
f 694 953 954
f 694 954 695
f 694 698 955
f 694 955 956
f 694 956 949
f 695 954 957
f 695 957 958
f 695 958 959
f 695 959 699
f 696 948 960
f 696 960 961
f 696 961 697
f 697 961 698
f 698 961 962
f 698 962 963
f 698 963 964
f 698 964 965
f 698 965 955
f 699 959 966
f 699 966 700
f 700 966 702
f 701 702 967
f 701 967 968
f 701 968 969
f 701 969 705
f 701 705 703
f 702 966 968
f 702 968 967
f 704 706 970
f 704 970 971
f 704 971 717
f 705 969 972
f 705 972 973
f 705 973 970
f 705 970 706
f 707 722 974
f 707 974 709
f 707 709 708
f 709 974 710
f 710 974 722
f 710 722 975
f 710 975 976
f 710 976 977
f 710 977 711
f 711 977 978
f 711 978 979
f 711 979 712
f 712 979 980
f 712 980 713
f 713 980 981
f 713 981 714
f 714 981 982
f 714 982 983
f 714 983 984
f 714 984 985
f 714 985 986
f 714 986 987
f 714 987 716
f 716 987 758
f 717 988 989
f 717 989 718
f 717 971 990
f 717 990 991
f 717 991 992
f 717 992 988
f 718 989 978
f 718 978 993
f 718 993 719
f 719 993 994
f 719 994 995
f 719 995 996
f 719 996 721
f 721 996 722
f 722 996 995
f 722 995 997
f 722 997 975
f 724 938 998
f 724 998 725
f 725 999 1000
f 725 1000 1001
f 725 1001 1002
f 725 1002 1003
f 725 1003 726
f 725 998 1004
f 725 1004 999
f 726 1003 727
f 727 1003 728
f 728 1003 1005
f 728 1005 729
f 729 1005 731
f 729 731 730
f 731 739 738
f 731 1005 740
f 731 740 739
f 732 741 1006
f 732 1006 733
f 733 1006 735
f 733 735 734
f 735 1006 737
f 737 1006 741
f 740 1005 1007
f 740 1007 1008
f 740 1008 1009
f 740 1009 1010
f 740 1010 1011
f 740 1011 742
f 742 1011 1009
f 742 1009 1012
f 742 1012 745
f 742 745 743
f 743 745 744
f 745 1012 1013
f 745 1013 748
f 746 750 747
f 748 1014 1015
f 748 1015 749
f 748 1013 1014
f 749 1015 1016
f 749 1016 751
f 751 1016 1017
f 751 1017 752
f 752 1017 753
f 753 1017 1018
f 753 1018 1019
f 753 1019 1020
f 753 1020 1021
f 753 1021 754
f 754 1021 1022
f 754 1022 1023
f 754 1023 1024
f 754 1024 1025
f 754 1025 755
f 755 1025 939
f 758 1026 759
f 758 987 1026
f 759 1027 987
f 759 987 1028
f 759 1028 984
f 759 984 760
f 759 1026 1027
f 760 984 762
f 760 762 761
f 762 984 1029
f 762 1029 1030
f 762 1030 1031
f 762 1031 1032
f 762 1032 1033
f 762 1033 764
f 764 1033 765
f 765 1033 1034
f 765 1034 1035
f 765 1035 1036
f 765 1036 1037
f 765 1037 1038
f 765 1038 1039
f 765 1039 776
f 765 776 766
f 766 776 1040
f 766 1040 1041
f 766 1041 767
f 767 1041 1042
f 767 1042 1043
f 767 1043 771
f 767 771 768
f 768 770 769
f 771 1043 1044
f 771 1044 772
f 772 1044 1045
f 772 1045 773
f 773 1045 776
f 774 776 775
f 775 1046 781
f 775 776 1046
f 776 1039 1047
f 776 1047 1048
f 776 1048 1049
f 776 1049 1050
f 776 1050 1051
f 776 1051 1052
f 776 1052 1053
f 776 1053 1054
f 776 1054 1055
f 776 1055 1056
f 776 1056 1057
f 776 1057 1058
f 776 1058 1059
f 776 1059 1046
f 776 1045 1044
f 776 1044 1040
f 778 1060 788
f 778 788 779
f 778 781 1046
f 778 1046 1059
f 778 1059 1060
f 779 788 780
f 780 787 782
f 785 792 1061
f 785 1061 786
f 786 1061 793
f 788 1060 1062
f 788 1062 1063
f 788 1063 789
f 789 1064 1065
f 789 1065 1066
f 789 1066 790
f 789 1063 1067
f 789 1067 1064
f 790 1066 792
f 790 792 791
f 792 1066 1068
f 792 1068 1069
f 792 1069 1061
f 793 1070 797
f 793 797 794
f 793 1061 1069
f 793 1069 1070
f 795 797 1070
f 795 1070 800
f 795 800 796
f 798 800 799
f 799 1071 801
f 799 800 1071
f 800 1070 1072
f 800 1072 1073
f 800 1073 801
f 800 801 1071
f 801 1073 1074
f 801 1074 1075
f 801 1075 1076
f 801 1076 1077
f 801 1077 804
f 804 1077 1078
f 804 1078 814
f 805 807 806
f 805 817 815
f 805 815 1079
f 805 1079 1080
f 805 1080 807
f 807 1080 1081
f 807 1081 808
f 808 1081 1082
f 808 1082 1083
f 808 1083 809
f 809 1083 1082
f 809 1082 1084
f 809 1084 810
f 810 1084 823
f 810 823 811
f 811 823 812
f 812 822 819
f 812 819 813
f 812 823 822
f 813 819 818
f 814 1078 815
f 815 817 816
f 815 1078 1085
f 815 1085 1086
f 815 1086 1087
f 815 1087 1088
f 815 1088 1089
f 815 1089 1079
f 819 822 820
f 820 822 821
f 823 1084 1090
f 823 1090 1091
f 823 1091 1092
f 823 1092 824
f 824 1092 1093
f 824 1093 825
f 825 827 826
f 825 1093 1094
f 825 1094 827
f 827 1094 828
f 828 1094 1095
f 828 1095 1096
f 828 1096 1097
f 828 1097 1098
f 828 1098 829
f 829 1099 830
f 829 1098 1100
f 829 1100 1101
f 829 1101 1102
f 829 1102 1103
f 829 1103 1104
f 829 1104 1105
f 829 1105 1099
f 830 1099 832
f 831 833 1106
f 831 1106 1107
f 831 1107 1108
f 831 1108 834
f 832 1099 1109
f 832 1109 1105
f 832 1105 833
f 833 1110 1106
f 833 1105 1111
f 833 1111 1110
f 834 1108 835
f 835 1108 1107
f 835 1107 836
f 836 1112 837
f 836 1107 1112
f 837 1112 1113
f 837 1113 838
f 838 1113 1114
f 838 1114 1115
f 838 1115 1116
f 838 1116 839
f 839 1116 1117
f 839 1117 1118
f 839 1118 840
f 840 1118 1119
f 840 1119 1120
f 840 1120 846
f 840 846 1121
f 840 1121 841
f 841 1121 844
f 841 844 843
f 844 1121 846
f 844 846 845
f 846 1120 848
f 846 848 847
f 848 1120 849
f 849 1120 1119
f 849 1119 1122
f 849 1122 850
f 850 1122 869
f 854 870 1123
f 854 1123 1124
f 854 1124 855
f 855 1125 857
f 855 857 856
f 855 1124 1126
f 855 1126 1127
f 855 1127 1128
f 855 1128 1125
f 857 1125 1129
f 857 1129 859
f 857 859 858
f 859 1130 1131
f 859 1131 1132
f 859 1132 1133
f 859 1133 1134
f 859 1134 860
f 859 1129 1125
f 859 1125 1128
f 859 1128 1130
f 860 1134 1135
f 860 1135 861
f 861 1135 862
f 862 1135 1136
f 862 1136 1137
f 862 1137 863
f 863 1137 864
f 864 1138 865
f 864 1137 1138
f 865 1138 886
f 865 886 1139
f 865 1139 1140
f 865 1140 873
f 865 873 1141
f 865 1141 866
f 866 1141 867
f 867 871 868
f 867 1141 1142
f 867 1142 873
f 867 873 871
f 869 1122 1143
f 869 1143 1144
f 869 1144 1145
f 869 1145 1146
f 869 1146 870
f 870 1146 1123
f 871 873 872
f 873 1142 1141
f 873 1140 874
f 874 1140 882
f 875 884 876
f 876 884 1147
f 876 1147 1148
f 876 1148 877
f 877 1148 1149
f 877 1149 878
f 878 1149 1150
f 878 1150 1151
f 878 1151 889
f 878 889 1152
f 878 1152 879
f 879 1152 880
f 880 1153 881
f 880 1152 1153
f 881 1153 1152
f 881 1152 888
f 882 1140 885
f 883 886 1154
f 883 1154 884
f 884 1154 1155
f 884 1155 1156
f 884 1156 1147
f 885 1140 1139
f 885 1139 886
f 886 1138 1137
f 886 1137 1157
f 886 1157 1158
f 886 1158 1159
f 886 1159 1154
f 888 1152 889
f 889 1151 1160
f 889 1160 1161
f 889 1161 892
f 892 1161 1162
f 892 1162 893
f 893 1162 1163
f 893 1163 895
f 893 895 894
f 895 1163 1164
f 895 1164 1165
f 895 1165 909
f 895 909 1166
f 895 1166 1167
f 895 1167 1168
f 895 1168 1169
f 895 1169 1170
f 895 1170 1171
f 895 1171 1172
f 895 1172 896
f 896 1172 899
f 899 1172 1171
f 899 1171 1173
f 899 1173 900
f 900 1173 901
f 901 1173 1171
f 901 1171 902
f 902 1171 1170
f 902 1170 903
f 903 1174 1175
f 903 1175 904
f 903 1170 1169
f 903 1169 1168
f 903 1168 1167
f 903 1167 1166
f 903 1166 1176
f 903 1176 909
f 903 909 1177
f 903 1177 1178
f 903 1178 1174
f 904 1175 905
f 905 1175 1174
f 905 1174 1178
f 905 1178 906
f 906 1178 1177
f 906 1177 907
f 907 1177 908
f 908 1177 909
f 909 1176 1166
f 909 1165 1179
f 909 1179 910
f 910 1180 911
f 910 1179 1180
f 911 1181 1182
f 911 1182 1183
f 911 1183 1184
f 911 1184 1185
f 911 1185 912
f 911 1180 1181
f 912 1185 1186
f 912 1186 1187
f 912 1187 1188
f 912 1188 913
f 913 1188 1189
f 913 1189 914
f 914 1189 915
f 915 1190 1191
f 915 1191 1192
f 915 1192 916
f 915 1189 1193
f 915 1193 1194
f 915 1194 1190
f 916 1192 917
f 917 1195 1196
f 917 1196 918
f 917 1192 1195
f 918 1196 1197
f 918 1197 1198
f 918 1198 1199
f 918 1199 1200
f 918 1200 919
f 919 1200 920
f 920 1200 1201
f 920 1201 921
f 921 1201 924
f 921 924 922
f 922 924 923
f 924 1201 926
f 925 927 928
f 926 928 927
f 926 1201 1198
f 926 1198 1202
f 926 1202 928
f 928 1202 1203
f 928 1203 929
f 929 1203 933
f 929 933 932
f 933 1204 1205
f 933 1205 1206
f 933 1206 934
f 933 1203 1204
f 934 1206 936
f 934 936 935
f 936 1206 937
f 937 1206 1207
f 937 1207 938
f 938 1207 1205
f 938 1205 1208
f 938 1208 999
f 938 999 1004
f 938 1004 998
f 939 1025 940
f 940 1025 1024
f 940 1024 945
f 941 945 942
f 942 945 943
f 943 1024 1023
f 943 1023 1022
f 943 1022 1209
f 943 1209 1210
f 943 1210 944
f 943 945 1024
f 944 1210 1211
f 944 1211 1212
f 944 1212 946
f 946 1212 1211
f 946 1211 1213
f 946 1213 1214
f 946 1214 1215
f 946 1215 1216
f 946 1216 947
f 947 1216 1215
f 947 1215 1217
f 947 1217 1218
f 947 1218 948
f 948 1219 962
f 948 962 961
f 948 961 960
f 948 1218 1220
f 948 1220 1219
f 949 956 1221
f 949 1221 1222
f 949 1222 1223
f 949 1223 1224
f 949 1224 1225
f 949 1225 950
f 950 1225 1226
f 950 1226 1227
f 950 1227 1228
f 950 1228 1229
f 950 1229 1230
f 950 1230 951
f 951 1230 1231
f 951 1231 1232
f 951 1232 952
f 952 1233 953
f 952 1232 1233
f 953 957 954
f 953 1233 1234
f 953 1234 1235
f 953 1235 1236
f 953 1236 1237
f 953 1237 1238
f 953 1238 958
f 953 958 957
f 955 1239 956
f 955 965 1240
f 955 1240 1241
f 955 1241 1242
f 955 1242 1239
f 956 1239 1243
f 956 1243 1221
f 958 1238 1244
f 958 1244 972
f 958 972 959
f 959 972 968
f 959 968 966
f 962 1219 1245
f 962 1245 1246
f 962 1246 963
f 963 1246 1247
f 963 1247 964
f 964 1247 1248
f 964 1248 1240
f 964 1240 965
f 968 972 969
f 970 1249 971
f 970 973 1250
f 970 1250 1249
f 971 1249 990
f 972 1244 973
f 973 1251 1250
f 973 1244 1251
f 975 997 995
f 975 995 1252
f 975 1252 976
f 976 993 977
f 976 1252 993
f 977 993 978
f 978 989 988
f 978 988 979
f 979 988 1253
f 979 1253 980
f 980 1253 1254
f 980 1254 1255
f 980 1255 1256
f 980 1256 1257
f 980 1257 981
f 981 1257 982
f 982 1258 1259
f 982 1259 983
f 982 1257 1258
f 983 1259 984
f 984 1259 1260
f 984 1260 1261
f 984 1261 1029
f 984 1028 985
f 985 1028 986
f 986 1028 987
f 987 1027 1026
f 988 992 1253
f 990 1249 1262
f 990 1262 1250
f 990 1250 1263
f 990 1263 1264
f 990 1264 991
f 991 1264 1265
f 991 1265 1253
f 991 1253 1266
f 991 1266 992
f 992 1266 1253
f 993 1252 995
f 993 995 994
f 999 1208 1267
f 999 1267 1000
f 1000 1267 1001
f 1001 1268 1269
f 1001 1269 1270
f 1001 1270 1271
f 1001 1271 1272
f 1001 1272 1002
f 1001 1267 1268
f 1002 1273 1018
f 1002 1018 1274
f 1002 1274 1003
f 1002 1272 1271
f 1002 1271 1275
f 1002 1275 1019
f 1002 1019 1273
f 1003 1274 1276
f 1003 1276 1005
f 1005 1276 1007
f 1007 1276 1008
f 1008 1012 1009
f 1008 1276 1012
f 1009 1011 1010
f 1012 1277 1013
f 1012 1276 1277
f 1013 1277 1278
f 1013 1278 1016
f 1013 1016 1014
f 1014 1016 1015
f 1016 1279 1280
f 1016 1280 1017
f 1016 1278 1281
f 1016 1281 1282
f 1016 1282 1279
f 1017 1280 1018
f 1018 1273 1019
f 1018 1280 1274
f 1019 1275 1283
f 1019 1283 1284
f 1019 1284 1020
f 1020 1284 1021
f 1021 1284 1283
f 1021 1283 1022
f 1022 1285 1269
f 1022 1269 1209
f 1022 1283 1271
f 1022 1271 1285
f 1029 1261 1286
f 1029 1286 1287
f 1029 1287 1030
f 1030 1287 1288
f 1030 1288 1038
f 1030 1038 1289
f 1030 1289 1290
f 1030 1290 1031
f 1031 1290 1035
f 1031 1035 1291
f 1031 1291 1032
f 1032 1291 1033
f 1033 1291 1034
f 1034 1291 1035
f 1035 1292 1293
f 1035 1293 1036
f 1035 1290 1289
f 1035 1289 1292
f 1036 1293 1292
f 1036 1292 1037
f 1037 1292 1038
f 1038 1292 1289
f 1038 1288 1039
f 1039 1288 1294
f 1039 1294 1047
f 1040 1044 1041
f 1041 1044 1042
f 1042 1044 1043
f 1047 1294 1048
f 1048 1295 1049
f 1048 1294 1296
f 1048 1296 1297
f 1048 1297 1295
f 1049 1295 1298
f 1049 1298 1299
f 1049 1299 1050
f 1050 1299 1300
f 1050 1300 1301
f 1050 1301 1051
f 1051 1301 1302
f 1051 1302 1303
f 1051 1303 1052
f 1052 1303 1053
f 1053 1303 1304
f 1053 1304 1054
f 1054 1304 1305
f 1054 1305 1306
f 1054 1306 1055
f 1055 1306 1307
f 1055 1307 1308
f 1055 1308 1056
f 1056 1308 1309
f 1056 1309 1310
f 1056 1310 1057
f 1057 1310 1058
f 1058 1309 1311
f 1058 1311 1312
f 1058 1312 1313
f 1058 1313 1059
f 1058 1310 1309
f 1059 1313 1060
f 1060 1313 1312
f 1060 1312 1314
f 1060 1314 1062
f 1062 1314 1315
f 1062 1315 1316
f 1062 1316 1317
f 1062 1317 1318
f 1062 1318 1067
f 1062 1067 1063
f 1064 1319 1065
f 1064 1067 1318
f 1064 1318 1320
f 1064 1320 1319
f 1065 1319 1068
f 1065 1068 1066
f 1068 1319 1320
f 1068 1320 1321
f 1068 1321 1322
f 1068 1322 1323
f 1068 1323 1324
f 1068 1324 1075
f 1068 1075 1069
f 1069 1075 1072
f 1069 1072 1070
f 1072 1075 1325
f 1072 1325 1073
f 1073 1325 1075
f 1073 1075 1074
f 1075 1324 1086
f 1075 1086 1085
f 1075 1085 1326
f 1075 1326 1077
f 1075 1077 1076
f 1077 1326 1078
f 1078 1326 1327
f 1078 1327 1085
f 1079 1328 1080
f 1079 1089 1328
f 1080 1329 1081
f 1080 1328 1088
f 1080 1088 1330
f 1080 1330 1331
f 1080 1331 1332
f 1080 1332 1333
f 1080 1333 1329
f 1081 1329 1082
f 1082 1329 1084
f 1084 1329 1334
f 1084 1334 1335
f 1084 1335 1090
f 1085 1327 1326
f 1086 1324 1336
f 1086 1336 1337
f 1086 1337 1088
f 1086 1088 1338
f 1086 1338 1087
f 1087 1338 1088
f 1088 1337 1330
f 1088 1328 1089
f 1090 1335 1091
f 1091 1339 1340
f 1091 1340 1341
f 1091 1341 1093
f 1091 1093 1092
f 1091 1335 1334
f 1091 1334 1339
f 1093 1342 1343
f 1093 1343 1344
f 1093 1344 1096
f 1093 1096 1095
f 1093 1095 1094
f 1093 1341 1342
f 1096 1344 1345
f 1096 1345 1346
f 1096 1346 1347
f 1096 1347 1097
f 1097 1347 1098
f 1098 1347 1346
f 1098 1346 1100
f 1099 1105 1109
f 1100 1346 1348
f 1100 1348 1349
f 1100 1349 1102
f 1100 1102 1101
f 1102 1349 1103
f 1103 1349 1350
f 1103 1350 1351
f 1103 1351 1104
f 1104 1351 1105
f 1105 1351 1131
f 1105 1131 1352
f 1105 1352 1353
f 1105 1353 1111
f 1106 1110 1107
f 1107 1110 1354
f 1107 1354 1113
f 1107 1113 1112
f 1110 1111 1354
f 1111 1114 1113
f 1111 1113 1354
f 1111 1353 1114
f 1114 1127 1355
f 1114 1355 1115
f 1114 1353 1352
f 1114 1352 1131
f 1114 1131 1356
f 1114 1356 1127
f 1115 1355 1127
f 1115 1127 1146
f 1115 1146 1145
f 1115 1145 1144
f 1115 1144 1117
f 1115 1117 1116
f 1117 1357 1119
f 1117 1119 1118
f 1117 1144 1357
f 1119 1357 1143
f 1119 1143 1122
f 1123 1126 1124
f 1123 1146 1358
f 1123 1358 1127
f 1123 1127 1126
f 1127 1358 1146
f 1127 1356 1359
f 1127 1359 1128
f 1128 1359 1360
f 1128 1360 1361
f 1128 1361 1130
f 1130 1361 1131
f 1131 1351 1362
f 1131 1362 1132
f 1131 1361 1360
f 1131 1360 1359
f 1131 1359 1356
f 1132 1362 1363
f 1132 1363 1364
f 1132 1364 1133
f 1133 1364 1135
f 1133 1135 1134
f 1135 1364 1365
f 1135 1365 1136
f 1136 1366 1137
f 1136 1365 1367
f 1136 1367 1368
f 1136 1368 1366
f 1137 1366 1369
f 1137 1369 1370
f 1137 1370 1371
f 1137 1371 1372
f 1137 1372 1157
f 1143 1357 1144
f 1147 1156 1148
f 1148 1156 1149
f 1149 1156 1150
f 1150 1156 1373
f 1150 1373 1151
f 1151 1373 1160
f 1154 1159 1155
f 1155 1374 1156
f 1155 1159 1375
f 1155 1375 1376
f 1155 1376 1377
f 1155 1377 1374
f 1156 1374 1373
f 1157 1372 1158
f 1158 1372 1378
f 1158 1378 1159
f 1159 1378 1379
f 1159 1379 1375
f 1160 1373 1380
f 1160 1380 1161
f 1161 1380 1164
f 1161 1164 1162
f 1162 1164 1163
f 1164 1380 1381
f 1164 1381 1382
f 1164 1382 1165
f 1165 1382 1383
f 1165 1383 1179
f 1179 1383 1384
f 1179 1384 1181
f 1179 1181 1180
f 1181 1384 1182
f 1182 1384 1183
f 1183 1384 1184
f 1184 1384 1385
f 1184 1385 1386
f 1184 1386 1185
f 1185 1386 1387
f 1185 1387 1186
f 1186 1387 1388
f 1186 1388 1187
f 1187 1388 1389
f 1187 1389 1188
f 1188 1389 1189
f 1189 1389 1218
f 1189 1218 1193
f 1190 1267 1205
f 1190 1205 1390
f 1190 1390 1191
f 1190 1194 1268
f 1190 1268 1267
f 1191 1390 1391
f 1191 1391 1192
f 1192 1391 1392
f 1192 1392 1195
f 1193 1218 1194
f 1194 1218 1217
f 1194 1217 1393
f 1194 1393 1268
f 1195 1392 1196
f 1196 1392 1197
f 1197 1392 1198
f 1198 1203 1202
f 1198 1201 1394
f 1198 1394 1199
f 1198 1392 1395
f 1198 1395 1396
f 1198 1396 1397
f 1198 1397 1398
f 1198 1398 1203
f 1199 1394 1200
f 1200 1394 1201
f 1203 1398 1204
f 1204 1398 1396
f 1204 1396 1395
f 1204 1395 1390
f 1204 1390 1205
f 1205 1267 1208
f 1205 1207 1206
f 1209 1399 1210
f 1209 1269 1399
f 1210 1399 1211
f 1211 1399 1213
f 1213 1399 1400
f 1213 1400 1401
f 1213 1401 1214
f 1214 1401 1402
f 1214 1402 1403
f 1214 1403 1215
f 1215 1403 1393
f 1215 1393 1217
f 1218 1389 1220
f 1219 1220 1404
f 1219 1404 1245
f 1220 1389 1388
f 1220 1388 1404
f 1221 1405 1222
f 1221 1243 1406
f 1221 1406 1407
f 1221 1407 1408
f 1221 1408 1409
f 1221 1409 1405
f 1222 1405 1223
f 1223 1226 1224
f 1223 1405 1410
f 1223 1410 1411
f 1223 1411 1412
f 1223 1412 1226
f 1224 1226 1225
f 1226 1412 1413
f 1226 1413 1575
f 1226 1575 1414
f 1226 1414 1415
f 1226 1415 1416
f 1226 1416 1417
f 1226 1417 1227
f 1227 1417 1418
f 1227 1418 1228
f 1228 1418 1419
f 1228 1419 1420
f 1228 1420 1421
f 1228 1421 1229
f 1229 1231 1230
f 1229 1421 1422
f 1229 1422 1231
f 1231 1423 1424
f 1231 1424 1425
f 1231 1425 1426
f 1231 1426 1232
f 1231 1422 1423
f 1232 1427 1234
f 1232 1234 1233
f 1232 1426 1428
f 1232 1428 1427
f 1234 1427 1429
f 1234 1429 1430
f 1234 1430 1431
f 1234 1431 1235
f 1235 1432 1236
f 1235 1431 1433
f 1235 1433 1434
f 1235 1434 1435
f 1235 1435 1436
f 1235 1436 1437
f 1235 1437 1432
f 1236 1432 1438
f 1236 1438 1439
f 1236 1439 1237
f 1237 1439 1440
f 1237 1440 1441
f 1237 1441 1442
f 1237 1442 1238
f 1238 1442 1244
f 1239 1443 1444
f 1239 1444 1243
f 1239 1242 1445
f 1239 1445 1376
f 1239 1376 1443
f 1240 1248 1241
f 1241 1446 1447
f 1241 1447 1448
f 1241 1448 1242
f 1241 1248 1446
f 1242 1448 1449
f 1242 1449 1445
f 1243 1444 1406
f 1244 1442 1450
f 1244 1450 1251
f 1245 1451 1246
f 1245 1404 1452
f 1245 1452 1451
f 1246 1451 1453
f 1246 1453 1454
f 1246 1454 1247
f 1247 1454 1453
f 1247 1453 1248
f 1248 1453 1446
f 1249 1250 1262
f 1250 1251 1263
f 1251 1450 1455
f 1251 1455 1263
f 1253 1265 1456
f 1253 1456 1254
f 1254 1456 1255
f 1255 1456 1457
f 1255 1457 1458
f 1255 1458 1459
f 1255 1459 1256
f 1256 1460 1461
f 1256 1461 1257
f 1256 1459 1460
f 1257 1462 1463
f 1257 1463 1260
f 1257 1260 1259
f 1257 1259 1258
f 1257 1461 1462
f 1260 1463 1464
f 1260 1464 1261
f 1261 1464 1465
f 1261 1465 1466
f 1261 1466 1467
f 1261 1467 1286
f 1263 1455 1264
f 1264 1455 1450
f 1264 1450 1442
f 1264 1442 1265
f 1265 1468 1469
f 1265 1469 1470
f 1265 1470 1457
f 1265 1457 1456
f 1265 1442 1441
f 1265 1441 1440
f 1265 1440 1471
f 1265 1471 1472
f 1265 1472 1473
f 1265 1473 1474
f 1265 1474 1468
f 1268 1393 1475
f 1268 1475 1401
f 1268 1401 1269
f 1269 1401 1400
f 1269 1400 1399
f 1269 1285 1270
f 1270 1285 1271
f 1271 1283 1275
f 1274 1280 1279
f 1274 1279 1476
f 1274 1476 1276
f 1276 1476 1278
f 1276 1278 1277
f 1278 1476 1477
f 1278 1477 1281
f 1279 1282 1281
f 1279 1281 1477
f 1279 1477 1476
f 1286 1467 1478
f 1286 1478 1479
f 1286 1479 1480
f 1286 1480 1287
f 1287 1297 1481
f 1287 1481 1288
f 1287 1480 1298
f 1287 1298 1295
f 1287 1295 1297
f 1288 1481 1482
f 1288 1482 1294
f 1294 1482 1296
f 1296 1482 1481
f 1296 1481 1297
f 1298 1480 1479
f 1298 1479 1299
f 1299 1483 1300
f 1299 1479 1483
f 1300 1484 1485
f 1300 1485 1486
f 1300 1486 1487
f 1300 1487 1301
f 1300 1483 1488
f 1300 1488 1489
f 1300 1489 1484
f 1301 1487 1490
f 1301 1490 1302
f 1302 1491 1304
f 1302 1304 1303
f 1302 1490 1492
f 1302 1492 1493
f 1302 1493 1494
f 1302 1494 1632
f 1302 1632 1491
f 1304 1491 1495
f 1304 1495 1496
f 1304 1496 1305
f 1305 1496 1497
f 1305 1497 1498
f 1305 1498 1499
f 1305 1499 1500
f 1305 1500 1501
f 1305 1501 1306
f 1306 1502 1503
f 1306 1503 1307
f 1306 1501 1504
f 1306 1504 1502
f 1307 1503 1320
f 1307 1320 1318
f 1307 1318 1316
f 1307 1316 1308
f 1308 1316 1309
f 1309 1505 1311
f 1309 1316 1314
f 1309 1314 1505
f 1311 1505 1314
f 1311 1314 1312
f 1314 1316 1315
f 1316 1318 1317
f 1320 1503 1502
f 1320 1502 1321
f 1321 1502 1506
f 1321 1506 1507
f 1321 1507 1322
f 1322 1508 1509
f 1322 1509 1510
f 1322 1510 1511
f 1322 1511 1323
f 1322 1507 1508
f 1323 1511 1324
f 1324 1511 1336
f 1329 1512 1339
f 1329 1339 1334
f 1329 1333 1512
f 1330 1337 1513
f 1330 1513 1514
f 1330 1514 1515
f 1330 1515 1516
f 1330 1516 1331
f 1331 1516 1332
f 1332 1516 1517
f 1332 1517 1333
f 1333 1517 1518
f 1333 1518 1519
f 1333 1519 1512
f 1336 1520 1337
f 1336 1511 1520
f 1337 1520 1521
f 1337 1521 1513
f 1339 1519 1522
f 1339 1522 1340
f 1339 1512 1519
f 1340 1522 1523
f 1340 1523 1341
f 1341 1523 1342
f 1342 1523 1343
f 1343 1524 1525
f 1343 1525 1526
f 1343 1526 1527
f 1343 1527 1344
f 1343 1523 1528
f 1343 1528 1524
f 1344 1527 1529
f 1344 1529 1345
f 1345 1530 1531
f 1345 1531 1350
f 1345 1350 1346
f 1345 1529 1532
f 1345 1532 1533
f 1345 1533 1534
f 1345 1534 1535
f 1345 1535 1530
f 1346 1350 1349
f 1346 1349 1348
f 1350 1531 1530
f 1350 1530 1362
f 1350 1362 1351
f 1362 1530 1536
f 1362 1536 1537
f 1362 1537 1363
f 1363 1537 1538
f 1363 1538 1539
f 1363 1539 1540
f 1363 1540 1541
f 1363 1541 1542
f 1363 1542 1364
f 1364 1542 1365
f 1365 1542 1367
f 1366 1368 1367
f 1366 1367 1369
f 1367 1542 1543
f 1367 1543 1544
f 1367 1544 1545
f 1367 1545 1546
f 1367 1546 1369
f 1369 1546 1370
f 1370 1546 1371
f 1371 1546 1547
f 1371 1547 1378
f 1371 1378 1372
f 1373 1374 1380
f 1374 1377 1449
f 1374 1449 1548
f 1374 1548 1549
f 1374 1549 1380
f 1375 1379 1550
f 1375 1550 1376
f 1376 1445 1377
f 1376 1550 1443
f 1377 1445 1449
f 1378 1547 1379
f 1379 1547 1551
f 1379 1551 1552
f 1379 1552 1550
f 1380 1549 1553
f 1380 1553 1554
f 1380 1554 1555
f 1380 1555 1381
f 1381 1555 1554
f 1381 1554 1556
f 1381 1556 1382
f 1382 1556 1557
f 1382 1557 1383
f 1383 1557 1384
f 1384 1557 1385
f 1385 1558 1386
f 1385 1557 1448
f 1385 1448 1447
f 1385 1447 1558
f 1386 1558 1559
f 1386 1559 1560
f 1386 1560 1561
f 1386 1561 1452
f 1386 1452 1404
f 1386 1404 1387
f 1387 1404 1388
f 1390 1395 1391
f 1391 1395 1392
f 1393 1403 1402
f 1393 1402 1401
f 1393 1401 1475
f 1396 1398 1397
f 1405 1409 1410
f 1406 1562 1407
f 1406 1444 1563
f 1406 1563 1564
f 1406 1564 1547
f 1406 1547 1544
f 1406 1544 1543
f 1406 1543 1565
f 1406 1565 1562
f 1407 1562 1566
f 1407 1566 1408
f 1408 1566 1567
f 1408 1567 1409
f 1409 1567 1410
f 1410 1568 1569
f 1410 1569 1411
f 1410 1567 1565
f 1410 1565 1568
f 1411 1569 1570
f 1411 1570 1571
f 1411 1571 1572
f 1411 1572 1573
f 1411 1573 1412
f 1412 1573 1572
f 1412 1572 1574
f 1412 1574 1413
f 1413 1574 1572
f 1413 1572 1575
f 1414 1575 1576
f 1414 1576 1577
f 1414 1577 1415
f 1415 1578 1579
f 1415 1579 1416
f 1415 1577 1580
f 1415 1580 1581
f 1415 1581 1582
f 1415 1582 1583
f 1415 1583 1584
f 1415 1584 1578
f 1416 1579 1419
f 1416 1419 1417
f 1417 1419 1418
f 1419 1579 1585
f 1419 1585 1586
f 1419 1586 1420
f 1420 1586 1587
f 1420 1587 1588
f 1420 1588 1421
f 1421 1589 1422
f 1421 1588 1590
f 1421 1590 1589
f 1422 1589 1424
f 1422 1424 1423
f 1424 1589 1425
f 1425 1589 1590
f 1425 1590 1426
f 1426 1590 1591
f 1426 1591 1592
f 1426 1592 1428
f 1427 1428 1593
f 1427 1593 1594
f 1427 1594 1429
f 1428 1592 1595
f 1428 1595 1596
f 1428 1596 1597
f 1428 1597 1498
f 1428 1498 1598
f 1428 1598 1593
f 1429 1594 1599
f 1429 1599 1430
f 1430 1599 1433
f 1430 1433 1431
f 1432 1437 1600
f 1432 1600 1438
f 1433 1599 1601
f 1433 1601 1602
f 1433 1602 1603
f 1433 1603 1434
f 1434 1603 1435
f 1435 1603 1604
f 1435 1604 1605
f 1435 1605 1436
f 1436 1605 1437
f 1437 1605 1606
f 1437 1606 1600
f 1438 1607 1439
f 1438 1600 1608
f 1438 1608 1473
f 1438 1473 1607
f 1439 1607 1473
f 1439 1473 1472
f 1439 1472 1471
f 1439 1471 1440
f 1443 1550 1609
f 1443 1609 1444
f 1444 1609 1610
f 1444 1610 1563
f 1446 1453 1451
f 1446 1451 1447
f 1447 1559 1558
f 1447 1451 1559
f 1448 1557 1449
f 1449 1557 1556
f 1449 1556 1554
f 1449 1554 1553
f 1449 1553 1548
f 1451 1452 1560
f 1451 1560 1559
f 1452 1561 1560
f 1457 1470 1458
f 1458 1470 1469
f 1458 1469 1459
f 1459 1461 1460
f 1459 1469 1611
f 1459 1611 1612
f 1459 1612 1461
f 1461 1612 1613
f 1461 1613 1614
f 1461 1614 1615
f 1461 1615 1464
f 1461 1464 1616
f 1461 1616 1462
f 1462 1616 1464
f 1462 1464 1463
f 1464 1615 1465
f 1465 1615 1614
f 1465 1614 1466
f 1466 1614 1617
f 1466 1617 1467
f 1467 1618 1478
f 1467 1617 1618
f 1468 1611 1469
f 1468 1474 1619
f 1468 1619 1620
f 1468 1620 1611
f 1473 1608 1620
f 1473 1620 1621
f 1473 1621 1619
f 1473 1619 1474
f 1478 1618 1489
f 1478 1489 1488
f 1478 1488 1479
f 1479 1488 1483
f 1484 1489 1622
f 1484 1622 1486
f 1484 1486 1485
f 1486 1623 1624
f 1486 1624 1490
f 1486 1490 1487
f 1486 1622 1617
f 1486 1617 1625
f 1486 1625 1626
f 1486 1626 1627
f 1486 1627 1628
f 1486 1628 1623
f 1489 1618 1622
f 1490 1624 1629
f 1490 1629 1630
f 1490 1630 1602
f 1490 1602 1631
f 1490 1631 1492
f 1491 1632 1495
f 1492 1631 1633
f 1492 1633 1602
f 1492 1602 1634
f 1492 1634 1635
f 1492 1635 1636
f 1492 1636 1493
f 1493 1636 1637
f 1493 1637 1638
f 1493 1638 1494
f 1494 1638 1639
f 1494 1639 1632
f 1495 1632 1640
f 1495 1640 1641
f 1495 1641 1496
f 1496 1641 1497
f 1497 1641 1640
f 1497 1640 1642
f 1497 1642 1643
f 1497 1643 1498
f 1498 1596 1499
f 1498 1643 1598
f 1498 1597 1596
f 1499 1596 1591
f 1499 1591 1500
f 1500 1644 1645
f 1500 1645 1504
f 1500 1504 1501
f 1500 1591 1646
f 1500 1646 1647
f 1500 1647 1644
f 1502 1648 1506
f 1502 1504 1648
f 1504 1645 1506
f 1504 1506 1648
f 1506 1645 1649
f 1506 1649 1507
f 1507 1649 1650
f 1507 1650 1651
f 1507 1651 1652
f 1507 1652 1653
f 1507 1653 1654
f 1507 1654 1508
f 1508 1654 1653
f 1508 1653 1652
f 1508 1652 1651
f 1508 1651 1521
f 1508 1521 1655
f 1508 1655 1509
f 1509 1655 1510
f 1510 1655 1511
f 1511 1655 1520
f 1513 1651 1657
f 1513 1657 1514
f 1513 1521 1651
f 1514 1656 1515
f 1514 1657 1658
f 1514 1658 1656
f 1515 1659 1660
f 1515 1660 1517
f 1515 1517 1516
f 1515 1656 1661
f 1515 1661 1662
f 1515 1662 1659
f 1517 1660 1518
f 1518 1663 1522
f 1518 1522 1664
f 1518 1664 1519
f 1518 1660 1665
f 1518 1665 1663
f 1519 1664 1522
f 1520 1655 1521
f 1522 1663 1528
f 1522 1528 1523
f 1524 1666 1662
f 1524 1662 1667
f 1524 1667 1668
f 1524 1668 1525
f 1524 1528 1666
f 1525 1668 1669
f 1525 1669 1526
f 1526 1669 1670
f 1526 1670 1527
f 1527 1670 1671
f 1527 1671 1529
f 1528 1663 1666
f 1529 1671 1583
f 1529 1583 1582
f 1529 1582 1581
f 1529 1581 1532
f 1530 1535 1536
f 1532 1581 1672
f 1532 1672 1533
f 1533 1672 1534
f 1534 1672 1673
f 1534 1673 1535
f 1535 1673 1674
f 1535 1674 1675
f 1535 1675 1536
f 1536 1675 1538
f 1536 1538 1676
f 1536 1676 1537
f 1537 1676 1538
f 1538 1675 1677
f 1538 1677 1572
f 1538 1572 1678
f 1538 1678 1539
f 1539 1678 1540
f 1540 1678 1679
f 1540 1679 1680
f 1540 1680 1565
f 1540 1565 1542
f 1540 1542 1541
f 1542 1565 1543
f 1544 1547 1545
f 1545 1547 1546
f 1547 1564 1551
f 1548 1553 1549
f 1550 1552 1609
f 1551 1564 1681
f 1551 1681 1552
f 1552 1681 1682
f 1552 1682 1609
f 1562 1567 1566
f 1562 1565 1567
f 1563 1610 1681
f 1563 1681 1564
f 1565 1680 1683
f 1565 1683 1570
f 1565 1570 1684
f 1565 1684 1568
f 1568 1684 1570
f 1568 1570 1569
f 1570 1683 1572
f 1570 1572 1571
f 1572 1685 1575
f 1572 1683 1679
f 1572 1679 1678
f 1572 1677 1673
f 1572 1673 1672
f 1572 1672 1685
f 1575 1685 1576
f 1576 1685 1672
f 1576 1672 1580
f 1576 1580 1577
f 1578 1584 1686
f 1578 1686 1579
f 1579 1686 1687
f 1579 1687 1585
f 1580 1672 1581
f 1583 1671 1686
f 1583 1686 1584
f 1585 1688 1586
f 1585 1687 1688
f 1586 1688 1689
f 1586 1689 1587
f 1587 1689 1588
f 1588 1689 1590
f 1590 1689 1690
f 1590 1690 1691
f 1590 1691 1692
f 1590 1692 1693
f 1590 1693 1646
f 1590 1646 1591
f 1591 1694 1592
f 1591 1596 1694
f 1592 1694 1595
f 1593 1695 1594
f 1593 1598 1643
f 1593 1643 1695
f 1594 1695 1696
f 1594 1696 1599
f 1595 1694 1697
f 1595 1697 1596
f 1596 1697 1694
f 1599 1637 1635
f 1599 1635 1601
f 1599 1696 1698
f 1599 1698 1699
f 1599 1699 1638
f 1599 1638 1637
f 1600 1606 1700
f 1600 1700 1701
f 1600 1701 1608
f 1601 1635 1634
f 1601 1634 1602
f 1602 1633 1631
f 1602 1630 1603
f 1603 1630 1629
f 1603 1629 1702
f 1603 1702 1703
f 1603 1703 1628
f 1603 1628 1604
f 1604 1628 1704
f 1604 1704 1700
f 1604 1700 1605
f 1605 1700 1606
f 1608 1701 1620
f 1609 1682 1610
f 1610 1682 1681
f 1611 1620 1705
f 1611 1705 1706
f 1611 1706 1612
f 1612 1706 1613
f 1613 1706 1707
f 1613 1707 1614
f 1614 1707 1617
f 1617 1707 1708
f 1617 1708 1625
f 1617 1622 1618
f 1619 1621 1620
f 1620 1701 1705
f 1623 1703 1624
f 1623 1628 1703
f 1624 1703 1709
f 1624 1709 1702
f 1624 1702 1629
f 1625 1708 1626
f 1626 1708 1707
f 1626 1707 1706
f 1626 1706 1704
f 1626 1704 1628
f 1626 1628 1627
f 1632 1639 1640
f 1635 1637 1636
f 1638 1699 1698
f 1638 1698 1639
f 1639 1698 1640
f 1640 1698 1696
f 1640 1696 1642
f 1642 1696 1695
f 1642 1695 1643
f 1644 1647 1710
f 1644 1710 1645
f 1645 1658 1650
f 1645 1650 1649
f 1645 1710 1658
f 1646 1693 1647
f 1647 1693 1692
f 1647 1692 1710
f 1650 1658 1657
f 1650 1657 1651
f 1656 1658 1661
f 1658 1710 1692
f 1658 1692 1711
f 1658 1711 1712
f 1658 1712 1668
f 1658 1668 1661
f 1659 1662 1665
f 1659 1665 1660
f 1661 1713 1662
f 1661 1668 1713
f 1662 1666 1665
f 1662 1713 1667
f 1663 1665 1666
f 1667 1713 1668
f 1668 1712 1669
f 1669 1712 1711
f 1669 1711 1714
f 1669 1714 1670
f 1670 1687 1671
f 1670 1714 1688
f 1670 1688 1687
f 1671 1687 1686
f 1673 1677 1674
f 1674 1677 1675
f 1679 1683 1680
f 1688 1714 1689
f 1689 1714 1690
f 1690 1714 1711
f 1690 1711 1691
f 1691 1711 1692
f 1700 1704 1706
f 1700 1706 1705
f 1700 1705 1701
f 1702 1709 1703

